Time,CPU,%user,%nice,%system,%iowait,%steal,%idle
2018-09-07 14:36:40,0,0.00,0.00,0.00,0.00,0.00,100.00
2018-09-07 14:36:40,1,0.00,0.00,1.00,0.00,0.00,99.00
2018-09-07 14:36:40,2,1.02,0.00,0.00,0.00,0.00,98.98
2018-09-07 14:36:40,3,0.00,0.00,0.00,0.00,0.00,100.00
2018-09-07 14:36:40,4,4.04,0.00,0.00,0.00,0.00,95.96
2018-09-07 14:36:40,5,2.94,0.00,0.00,0.00,0.00,97.06
2018-09-07 14:36:40,6,1.01,0.00,1.01,0.00,0.00,97.98
2018-09-07 14:36:40,7,10.91,0.00,0.00,0.00,0.00,89.09
2018-09-07 14:36:41,0,6.54,0.00,1.87,0.00,0.00,91.59
2018-09-07 14:36:41,1,1.00,0.00,0.00,0.00,0.00,99.00
2018-09-07 14:36:41,2,1.00,0.00,0.00,0.00,0.00,99.00
2018-09-07 14:36:41,3,2.00,0.00,2.00,0.00,0.00,96.00
2018-09-07 14:36:41,4,2.00,0.00,0.00,0.00,0.00,98.00
2018-09-07 14:36:41,5,0.00,0.00,0.00,0.00,0.00,100.00
2018-09-07 14:36:41,6,0.00,0.00,0.00,0.00,0.00,100.00
2018-09-07 14:36:41,7,2.00,0.00,1.00,0.00,0.00,97.00
2018-09-07 14:36:42,0,0.00,0.00,0.00,0.00,0.00,100.00
2018-09-07 14:36:42,1,0.00,0.00,0.00,0.00,0.00,100.00
2018-09-07 14:36:42,2,0.00,0.00,0.00,0.00,0.00,100.00
2018-09-07 14:36:42,3,1.98,0.00,0.99,0.00,0.00,97.03
2018-09-07 14:36:42,4,0.00,0.00,0.00,0.00,0.00,100.00
2018-09-07 14:36:42,5,0.00,0.00,0.00,0.00,0.00,100.00
2018-09-07 14:36:42,6,0.00,0.00,0.00,0.00,0.00,100.00
2018-09-07 14:36:42,7,1.00,0.00,0.00,0.00,0.00,99.00
2018-09-07 14:36:43,0,0.00,0.00,0.00,0.00,0.00,100.00
2018-09-07 14:36:43,1,0.00,0.00,1.01,0.00,0.00,98.99
2018-09-07 14:36:43,2,0.00,0.00,1.00,0.00,0.00,99.00
2018-09-07 14:36:43,3,2.00,0.00,1.00,0.00,0.00,97.00
2018-09-07 14:36:43,4,0.00,0.00,0.99,0.00,0.00,99.01
2018-09-07 14:36:43,5,0.98,0.00,0.98,0.00,0.00,98.04
2018-09-07 14:36:43,6,1.96,0.00,0.98,0.00,0.00,97.06
2018-09-07 14:36:43,7,0.00,0.00,0.00,0.00,0.00,100.00
2018-09-07 14:36:44,0,1.00,0.00,0.00,0.00,0.00,99.00
2018-09-07 14:36:44,1,1.00,0.00,2.00,0.00,0.00,97.00
2018-09-07 14:36:44,2,0.99,0.00,0.00,0.00,0.00,99.01
2018-09-07 14:36:44,3,1.00,0.00,1.00,0.00,0.00,98.00
2018-09-07 14:36:44,4,0.00,0.00,0.00,0.00,0.00,100.00
2018-09-07 14:36:44,5,0.98,0.00,1.96,0.00,0.00,97.06
2018-09-07 14:36:44,6,0.00,0.00,1.00,0.00,0.00,99.00
2018-09-07 14:36:44,7,1.00,0.00,0.00,0.00,0.00,99.00
2018-09-07 14:36:45,0,0.00,0.00,0.00,0.00,0.00,100.00
2018-09-07 14:36:45,1,0.00,0.00,1.03,0.00,0.00,98.97
2018-09-07 14:36:45,2,0.00,0.00,0.00,0.00,0.00,100.00
2018-09-07 14:36:45,3,1.00,0.00,1.00,0.00,0.00,98.00
2018-09-07 14:36:45,4,0.00,0.00,0.00,0.00,0.00,100.00
2018-09-07 14:36:45,5,0.00,0.00,0.00,0.00,0.00,100.00
2018-09-07 14:36:45,6,0.00,0.00,0.00,0.00,0.00,100.00
2018-09-07 14:36:45,7,0.00,0.00,0.00,0.00,0.00,100.00
2018-09-07 14:36:46,0,0.00,0.00,0.00,0.00,0.00,100.00
2018-09-07 14:36:46,1,0.00,0.00,1.03,0.00,0.00,98.97
2018-09-07 14:36:46,2,0.00,0.00,0.00,0.00,0.00,100.00
2018-09-07 14:36:46,3,0.00,0.00,0.00,0.00,0.00,100.00
2018-09-07 14:36:46,4,0.00,0.00,0.00,0.00,0.00,100.00
2018-09-07 14:36:46,5,0.00,0.00,0.00,0.00,0.00,100.00
2018-09-07 14:36:46,6,0.00,0.00,0.00,0.00,0.00,100.00
2018-09-07 14:36:46,7,0.00,0.00,0.00,0.00,0.00,100.00
2018-09-07 14:36:47,0,0.00,0.00,0.00,0.00,0.00,100.00
2018-09-07 14:36:47,1,0.99,0.00,2.97,0.00,0.00,96.04
2018-09-07 14:36:47,2,0.00,0.00,0.00,0.00,0.00,100.00
2018-09-07 14:36:47,3,1.00,0.00,0.00,0.00,0.00,99.00
2018-09-07 14:36:47,4,0.00,0.00,0.00,0.00,0.00,100.00
2018-09-07 14:36:47,5,0.99,0.00,0.00,0.00,0.00,99.01
2018-09-07 14:36:47,6,0.00,0.00,1.98,0.00,0.00,98.02
2018-09-07 14:36:47,7,0.00,0.00,1.00,0.00,0.00,99.00
2018-09-07 14:36:48,0,0.00,0.00,0.00,0.00,0.00,100.00
2018-09-07 14:36:48,1,0.00,0.00,0.00,0.00,0.00,100.00
2018-09-07 14:36:48,2,0.00,0.00,0.00,0.00,0.00,100.00
2018-09-07 14:36:48,3,0.00,0.00,0.00,0.00,0.00,100.00
2018-09-07 14:36:48,4,0.00,0.00,0.00,0.00,0.00,100.00
2018-09-07 14:36:48,5,0.00,0.00,0.00,0.00,0.00,100.00
2018-09-07 14:36:48,6,0.00,0.00,1.00,0.00,0.00,99.00
2018-09-07 14:36:48,7,1.01,0.00,0.00,0.00,0.00,98.99
2018-09-07 14:36:49,0,1.01,0.00,0.00,0.00,0.00,98.99
2018-09-07 14:36:49,1,0.00,0.00,0.00,0.00,0.00,100.00
2018-09-07 14:36:49,2,0.00,0.00,0.00,0.00,0.00,100.00
2018-09-07 14:36:49,3,0.00,0.00,0.00,0.00,0.00,100.00
2018-09-07 14:36:49,4,0.00,0.00,0.00,0.00,0.00,100.00
2018-09-07 14:36:49,5,0.00,0.00,0.00,0.00,0.00,100.00
2018-09-07 14:36:49,6,1.00,0.00,0.00,0.00,0.00,99.00
2018-09-07 14:36:49,7,0.00,0.00,0.99,0.00,0.00,99.01
2018-09-07 14:36:50,0,1.00,0.00,1.00,0.00,0.00,98.00
2018-09-07 14:36:50,1,1.02,0.00,1.02,0.00,0.00,97.96
2018-09-07 14:36:50,2,0.99,0.00,0.00,0.00,0.00,99.01
2018-09-07 14:36:50,3,0.00,0.00,0.00,0.00,0.00,100.00
2018-09-07 14:36:50,4,0.00,0.00,0.00,0.00,0.00,100.00
2018-09-07 14:36:50,5,0.00,0.00,0.00,0.00,0.00,100.00
2018-09-07 14:36:50,6,0.00,0.00,1.98,0.99,0.00,97.03
2018-09-07 14:36:50,7,0.00,0.00,0.00,0.00,0.00,100.00
2018-09-07 14:36:51,0,0.99,0.00,0.99,0.00,0.00,98.02
2018-09-07 14:36:51,1,1.02,0.00,2.04,0.00,0.00,96.94
2018-09-07 14:36:51,2,0.00,0.00,0.00,0.00,0.00,100.00
2018-09-07 14:36:51,3,0.00,0.00,0.99,0.00,0.00,99.01
2018-09-07 14:36:51,4,0.00,0.00,0.00,0.00,0.00,100.00
2018-09-07 14:36:51,5,0.00,0.00,0.99,0.00,0.00,99.01
2018-09-07 14:36:51,6,0.99,0.00,1.98,0.00,0.00,97.03
2018-09-07 14:36:51,7,0.00,0.00,0.00,0.00,0.00,100.00
2018-09-07 14:36:52,0,0.99,0.00,0.00,0.00,0.00,99.01
2018-09-07 14:36:52,1,0.00,0.00,2.04,0.00,0.00,97.96
2018-09-07 14:36:52,2,0.00,0.00,0.00,0.00,0.00,100.00
2018-09-07 14:36:52,3,0.00,0.00,0.00,0.00,0.00,100.00
2018-09-07 14:36:52,4,0.00,0.00,0.00,0.00,0.00,100.00
2018-09-07 14:36:52,5,0.00,0.00,0.00,0.00,0.00,100.00
2018-09-07 14:36:52,6,0.00,0.00,1.98,0.00,0.00,98.02
2018-09-07 14:36:52,7,2.00,0.00,0.00,0.00,0.00,98.00
2018-09-07 14:36:53,0,0.00,0.00,0.00,0.00,0.00,100.00
2018-09-07 14:36:53,1,0.00,0.00,0.00,0.00,0.00,100.00
2018-09-07 14:36:53,2,0.00,0.00,0.99,0.00,0.00,99.01
2018-09-07 14:36:53,3,0.00,0.00,0.00,0.00,0.00,100.00
2018-09-07 14:36:53,4,0.00,0.00,0.00,0.00,0.00,100.00
2018-09-07 14:36:53,5,0.00,0.00,0.00,0.00,0.00,100.00
2018-09-07 14:36:53,6,0.00,0.00,1.98,0.00,0.00,98.02
2018-09-07 14:36:53,7,2.00,0.00,0.00,0.00,0.00,98.00
2018-09-07 14:36:54,0,0.00,0.00,0.00,0.00,0.00,100.00
2018-09-07 14:36:54,1,0.00,0.00,1.03,0.00,0.00,98.97
2018-09-07 14:36:54,2,0.00,0.00,0.00,0.00,0.00,100.00
2018-09-07 14:36:54,3,1.00,0.00,0.00,0.00,0.00,99.00
2018-09-07 14:36:54,4,0.00,0.00,1.00,0.00,0.00,99.00
2018-09-07 14:36:54,5,0.00,0.00,0.00,0.00,0.00,100.00
2018-09-07 14:36:54,6,0.00,0.00,0.99,0.00,0.00,99.01
2018-09-07 14:36:54,7,1.00,0.00,0.00,0.00,0.00,99.00
2018-09-07 14:36:55,0,2.00,0.00,0.00,0.00,0.00,98.00
2018-09-07 14:36:55,1,1.03,0.00,0.00,0.00,0.00,98.97
2018-09-07 14:36:55,2,0.00,0.00,0.00,0.00,0.00,100.00
2018-09-07 14:36:55,3,0.00,0.00,0.00,0.00,0.00,100.00
2018-09-07 14:36:55,4,0.00,0.00,0.00,0.00,0.00,100.00
2018-09-07 14:36:55,5,0.00,0.00,0.00,0.00,0.00,100.00
2018-09-07 14:36:55,6,0.00,0.00,0.00,0.00,0.00,100.00
2018-09-07 14:36:55,7,1.00,0.00,0.00,1.00,0.00,98.00
2018-09-07 14:36:56,0,0.00,0.00,1.98,0.00,0.00,98.02
2018-09-07 14:36:56,1,0.00,0.00,2.04,0.00,0.00,97.96
2018-09-07 14:36:56,2,0.00,0.00,0.00,0.00,0.00,100.00
2018-09-07 14:36:56,3,0.00,0.00,0.00,0.00,0.00,100.00
2018-09-07 14:36:56,4,0.00,0.00,0.00,0.00,0.00,100.00
2018-09-07 14:36:56,5,0.00,0.00,0.00,0.00,0.00,100.00
2018-09-07 14:36:56,6,0.00,0.00,1.98,0.00,0.00,98.02
2018-09-07 14:36:56,7,1.00,0.00,0.00,0.00,0.00,99.00
2018-09-07 14:36:57,0,1.96,0.00,0.98,0.00,0.00,97.06
2018-09-07 14:36:57,1,0.00,0.00,0.00,0.00,0.00,100.00
2018-09-07 14:36:57,2,0.00,0.00,0.00,0.00,0.00,100.00
2018-09-07 14:36:57,3,0.00,0.00,0.00,0.00,0.00,100.00
2018-09-07 14:36:57,4,0.99,0.00,0.00,0.00,0.00,99.01
2018-09-07 14:36:57,5,0.00,0.00,0.00,0.00,0.00,100.00
2018-09-07 14:36:57,6,1.00,0.00,0.00,0.00,0.00,99.00
2018-09-07 14:36:57,7,0.99,0.00,0.00,0.00,0.00,99.01
2018-09-07 14:36:58,0,1.01,0.00,0.00,0.00,0.00,98.99
2018-09-07 14:36:58,1,0.00,0.00,2.06,0.00,0.00,97.94
2018-09-07 14:36:58,2,0.00,0.00,0.00,0.00,0.00,100.00
2018-09-07 14:36:58,3,0.00,0.00,0.00,0.00,0.00,100.00
2018-09-07 14:36:58,4,0.00,0.00,0.99,0.00,0.00,99.01
2018-09-07 14:36:58,5,0.00,0.00,0.00,0.00,0.00,100.00
2018-09-07 14:36:58,6,0.00,0.00,0.00,0.00,0.00,100.00
2018-09-07 14:36:58,7,0.99,0.00,0.00,0.00,0.00,99.01
2018-09-07 14:36:59,0,1.00,0.00,0.00,0.00,0.00,99.00
2018-09-07 14:36:59,1,0.00,0.00,0.00,0.00,0.00,100.00
2018-09-07 14:36:59,2,0.00,0.00,0.00,0.00,0.00,100.00
2018-09-07 14:36:59,3,0.00,0.00,0.00,0.00,0.00,100.00
2018-09-07 14:36:59,4,0.00,0.00,0.00,0.00,0.00,100.00
2018-09-07 14:36:59,5,0.00,0.00,0.00,0.00,0.00,100.00
2018-09-07 14:36:59,6,1.00,0.00,0.00,0.00,0.00,99.00
2018-09-07 14:36:59,7,1.00,0.00,0.00,0.00,0.00,99.00
2018-09-07 14:37:00,0,0.99,0.00,0.00,0.00,0.00,99.01
2018-09-07 14:37:00,1,0.00,0.00,1.02,0.00,0.00,98.98
2018-09-07 14:37:00,2,0.00,0.00,0.00,0.00,0.00,100.00
2018-09-07 14:37:00,3,0.00,0.00,0.00,0.00,0.00,100.00
2018-09-07 14:37:00,4,0.99,0.00,0.00,0.00,0.00,99.01
2018-09-07 14:37:00,5,0.00,0.00,0.00,0.00,0.00,100.00
2018-09-07 14:37:00,6,0.99,0.00,0.99,0.00,0.00,98.02
2018-09-07 14:37:00,7,1.98,0.00,0.99,0.99,0.00,96.04
2018-09-07 14:37:01,0,1.98,0.00,0.99,0.00,0.00,97.03
2018-09-07 14:37:01,1,0.00,0.00,1.04,0.00,0.00,98.96
2018-09-07 14:37:01,2,0.00,0.00,0.00,0.00,0.00,100.00
2018-09-07 14:37:01,3,0.00,0.00,0.00,0.00,0.00,100.00
2018-09-07 14:37:01,4,0.00,0.00,0.00,0.00,0.00,100.00
2018-09-07 14:37:01,5,0.99,0.00,0.00,0.00,0.00,99.01
2018-09-07 14:37:01,6,1.00,0.00,0.00,0.00,0.00,99.00
2018-09-07 14:37:01,7,0.00,0.00,0.00,0.00,0.00,100.00
2018-09-07 14:37:02,0,1.00,0.00,0.00,0.00,0.00,99.00
2018-09-07 14:37:02,1,0.00,0.00,1.03,0.00,0.00,98.97
2018-09-07 14:37:02,2,0.00,0.00,0.00,0.00,0.00,100.00
2018-09-07 14:37:02,3,0.00,0.00,0.00,0.00,0.00,100.00
2018-09-07 14:37:02,4,0.00,0.00,0.00,0.00,0.00,100.00
2018-09-07 14:37:02,5,0.00,0.00,0.00,0.00,0.00,100.00
2018-09-07 14:37:02,6,0.99,0.00,0.00,0.00,0.00,99.01
2018-09-07 14:37:02,7,0.00,0.00,0.00,0.00,0.00,100.00
2018-09-07 14:37:03,0,0.99,0.00,0.99,0.00,0.00,98.02
2018-09-07 14:37:03,1,1.01,0.00,2.02,0.00,0.00,96.97
2018-09-07 14:37:03,2,0.00,0.00,0.00,0.00,0.00,100.00
2018-09-07 14:37:03,3,0.00,0.00,0.00,0.00,0.00,100.00
2018-09-07 14:37:03,4,0.00,0.00,0.00,0.00,0.00,100.00
2018-09-07 14:37:03,5,0.00,0.00,0.00,0.00,0.00,100.00
2018-09-07 14:37:03,6,1.00,0.00,0.00,0.00,0.00,99.00
2018-09-07 14:37:03,7,0.00,0.00,0.00,0.00,0.00,100.00
2018-09-07 14:37:04,0,1.01,0.00,0.00,0.00,0.00,98.99
2018-09-07 14:37:04,1,0.00,0.00,0.00,0.00,0.00,100.00
2018-09-07 14:37:04,2,0.00,0.00,0.00,0.00,0.00,100.00
2018-09-07 14:37:04,3,0.00,0.00,0.00,0.00,0.00,100.00
2018-09-07 14:37:04,4,0.00,0.00,1.00,0.00,0.00,99.00
2018-09-07 14:37:04,5,0.00,0.00,0.00,0.00,0.00,100.00
2018-09-07 14:37:04,6,0.99,0.00,0.99,0.00,0.00,98.02
2018-09-07 14:37:04,7,0.00,0.00,0.00,0.00,0.00,100.00
2018-09-07 14:37:05,0,0.99,0.00,0.99,0.00,0.00,98.02
2018-09-07 14:37:05,1,0.00,0.00,0.00,0.00,0.00,100.00
2018-09-07 14:37:05,2,0.00,0.00,0.00,0.00,0.00,100.00
2018-09-07 14:37:05,3,0.00,0.00,0.00,0.00,0.00,100.00
2018-09-07 14:37:05,4,0.00,0.00,0.00,0.00,0.00,100.00
2018-09-07 14:37:05,5,0.00,0.00,0.00,0.00,0.00,100.00
2018-09-07 14:37:05,6,0.00,0.00,0.00,0.00,0.00,100.00
2018-09-07 14:37:05,7,0.00,0.00,0.00,2.00,0.00,98.00
2018-09-07 14:37:06,0,1.00,0.00,0.00,0.00,0.00,99.00
2018-09-07 14:37:06,1,0.00,0.00,0.00,0.00,0.00,100.00
2018-09-07 14:37:06,2,0.00,0.00,0.00,0.00,0.00,100.00
2018-09-07 14:37:06,3,0.00,0.00,0.00,0.00,0.00,100.00
2018-09-07 14:37:06,4,0.00,0.00,0.00,0.00,0.00,100.00
2018-09-07 14:37:06,5,0.00,0.00,0.00,0.00,0.00,100.00
2018-09-07 14:37:06,6,0.00,0.00,0.00,0.00,0.00,100.00
2018-09-07 14:37:06,7,0.99,0.00,0.00,0.00,0.00,99.01
2018-09-07 14:37:07,0,1.01,0.00,0.00,0.00,0.00,98.99
2018-09-07 14:37:07,1,0.00,0.00,2.04,0.00,0.00,97.96
2018-09-07 14:37:07,2,0.00,0.00,0.00,0.00,0.00,100.00
2018-09-07 14:37:07,3,0.00,0.00,0.00,0.00,0.00,100.00
2018-09-07 14:37:07,4,0.00,0.00,0.99,0.00,0.00,99.01
2018-09-07 14:37:07,5,0.00,0.00,0.00,0.00,0.00,100.00
2018-09-07 14:37:07,6,0.00,0.00,0.00,0.00,0.00,100.00
2018-09-07 14:37:07,7,1.00,0.00,0.00,0.00,0.00,99.00
2018-09-07 14:37:08,0,0.99,0.00,0.99,0.00,0.00,98.02
2018-09-07 14:37:08,1,0.00,0.00,1.03,0.00,0.00,98.97
2018-09-07 14:37:08,2,0.00,0.00,0.00,0.00,0.00,100.00
2018-09-07 14:37:08,3,0.00,0.00,0.00,0.00,0.00,100.00
2018-09-07 14:37:08,4,0.00,0.00,0.00,0.00,0.00,100.00
2018-09-07 14:37:08,5,0.00,0.00,0.00,0.00,0.00,100.00
2018-09-07 14:37:08,6,0.00,0.00,0.00,0.00,0.00,100.00
2018-09-07 14:37:08,7,0.99,0.00,0.00,0.00,0.00,99.01
2018-09-07 14:37:09,0,1.98,0.00,0.00,0.00,0.00,98.02
2018-09-07 14:37:09,1,0.00,0.00,0.00,0.00,0.00,100.00
2018-09-07 14:37:09,2,0.00,0.00,0.00,0.00,0.00,100.00
2018-09-07 14:37:09,3,0.00,0.00,0.00,0.00,0.00,100.00
2018-09-07 14:37:09,4,0.00,0.00,0.99,0.00,0.00,99.01
2018-09-07 14:37:09,5,0.00,0.00,0.00,0.00,0.00,100.00
2018-09-07 14:37:09,6,0.00,0.00,0.00,0.00,0.00,100.00
2018-09-07 14:37:09,7,0.00,0.00,0.00,0.00,0.00,100.00
2018-09-07 14:37:10,0,0.00,0.00,0.00,0.00,0.00,100.00
2018-09-07 14:37:10,1,1.03,0.00,0.00,0.00,0.00,98.97
2018-09-07 14:37:10,2,0.00,0.00,0.00,0.00,0.00,100.00
2018-09-07 14:37:10,3,0.00,0.00,0.00,0.00,0.00,100.00
2018-09-07 14:37:10,4,0.00,0.00,0.00,0.00,0.00,100.00
2018-09-07 14:37:10,5,0.00,0.00,0.00,0.00,0.00,100.00
2018-09-07 14:37:10,6,0.00,0.00,0.00,0.00,0.00,100.00
2018-09-07 14:37:10,7,0.00,0.00,0.00,1.00,0.00,99.00
2018-09-07 14:37:11,0,2.00,0.00,0.00,0.00,0.00,98.00
2018-09-07 14:37:11,1,1.02,0.00,1.02,0.00,0.00,97.96
2018-09-07 14:37:11,2,0.00,0.00,0.00,0.00,0.00,100.00
2018-09-07 14:37:11,3,0.00,0.00,0.00,0.00,0.00,100.00
2018-09-07 14:37:11,4,0.00,0.00,0.00,0.00,0.00,100.00
2018-09-07 14:37:11,5,0.00,0.00,0.00,0.00,0.00,100.00
2018-09-07 14:37:11,6,1.00,0.00,0.00,0.00,0.00,99.00
2018-09-07 14:37:11,7,0.00,0.00,0.00,0.00,0.00,100.00
2018-09-07 14:37:12,0,0.00,0.00,0.00,0.00,0.00,100.00
2018-09-07 14:37:12,1,0.00,0.00,2.06,0.00,0.00,97.94
2018-09-07 14:37:12,2,0.00,0.00,0.00,0.00,0.00,100.00
2018-09-07 14:37:12,3,0.00,0.00,0.00,0.00,0.00,100.00
2018-09-07 14:37:12,4,0.00,0.00,0.00,0.00,0.00,100.00
2018-09-07 14:37:12,5,0.00,0.00,0.00,0.00,0.00,100.00
2018-09-07 14:37:12,6,0.00,0.00,0.00,0.00,0.00,100.00
2018-09-07 14:37:12,7,0.00,0.00,0.00,0.00,0.00,100.00
2018-09-07 14:37:13,0,0.00,0.00,0.00,0.00,0.00,100.00
2018-09-07 14:37:13,1,2.02,0.00,2.02,0.00,0.00,95.96
2018-09-07 14:37:13,2,0.00,0.00,0.00,0.00,0.00,100.00
2018-09-07 14:37:13,3,0.00,0.00,0.00,0.00,0.00,100.00
2018-09-07 14:37:13,4,0.00,0.00,0.00,0.00,0.00,100.00
2018-09-07 14:37:13,5,0.00,0.00,0.00,0.00,0.00,100.00
2018-09-07 14:37:13,6,0.00,0.00,0.00,0.00,0.00,100.00
2018-09-07 14:37:13,7,0.00,0.00,0.00,0.00,0.00,100.00
2018-09-07 14:37:14,0,0.00,0.00,0.00,0.00,0.00,100.00
2018-09-07 14:37:14,1,2.06,0.00,0.00,0.00,0.00,97.94
2018-09-07 14:37:14,2,0.00,0.00,0.00,0.00,0.00,100.00
2018-09-07 14:37:14,3,0.00,0.00,0.00,0.00,0.00,100.00
2018-09-07 14:37:14,4,0.00,0.00,0.00,0.00,0.00,100.00
2018-09-07 14:37:14,5,0.00,0.00,0.00,0.00,0.00,100.00
2018-09-07 14:37:14,6,0.00,0.00,0.00,0.00,0.00,100.00
2018-09-07 14:37:14,7,0.00,0.00,0.00,0.00,0.00,100.00
2018-09-07 14:37:15,0,0.00,0.00,0.00,0.00,0.00,100.00
2018-09-07 14:37:15,1,0.00,0.00,1.03,0.00,0.00,98.97
2018-09-07 14:37:15,2,0.00,0.00,0.00,0.00,0.00,100.00
2018-09-07 14:37:15,3,0.00,0.00,0.00,0.00,0.00,100.00
2018-09-07 14:37:15,4,0.00,0.00,0.00,0.00,0.00,100.00
2018-09-07 14:37:15,5,0.00,0.00,0.00,0.00,0.00,100.00
2018-09-07 14:37:15,6,0.00,0.00,0.00,0.00,0.00,100.00
2018-09-07 14:37:15,7,0.98,0.00,0.98,1.96,0.00,96.08
2018-09-07 14:37:16,0,0.00,0.00,0.00,0.00,0.00,100.00
2018-09-07 14:37:16,1,0.00,0.00,0.00,0.00,0.00,100.00
2018-09-07 14:37:16,2,0.00,0.00,0.00,0.00,0.00,100.00
2018-09-07 14:37:16,3,0.00,0.00,0.00,0.00,0.00,100.00
2018-09-07 14:37:16,4,0.00,0.00,0.00,0.00,0.00,100.00
2018-09-07 14:37:16,5,0.00,0.00,0.00,0.00,0.00,100.00
2018-09-07 14:37:16,6,0.00,0.00,0.00,0.00,0.00,100.00
2018-09-07 14:37:16,7,0.00,0.00,0.00,0.00,0.00,100.00
2018-09-07 14:37:17,0,0.00,0.00,0.00,0.00,0.00,100.00
2018-09-07 14:37:17,1,1.03,0.00,0.00,0.00,0.00,98.97
2018-09-07 14:37:17,2,0.00,0.00,0.00,0.00,0.00,100.00
2018-09-07 14:37:17,3,0.00,0.00,0.00,0.00,0.00,100.00
2018-09-07 14:37:17,4,0.00,0.00,0.00,0.00,0.00,100.00
2018-09-07 14:37:17,5,0.00,0.00,0.00,0.00,0.00,100.00
2018-09-07 14:37:17,6,0.00,0.00,0.00,0.00,0.00,100.00
2018-09-07 14:37:17,7,1.00,0.00,0.00,0.00,0.00,99.00
2018-09-07 14:37:18,0,0.00,0.00,0.00,0.00,0.00,100.00
2018-09-07 14:37:18,1,0.00,0.00,1.03,0.00,0.00,98.97
2018-09-07 14:37:18,2,0.00,0.00,0.00,0.00,0.00,100.00
2018-09-07 14:37:18,3,0.00,0.00,0.00,0.00,0.00,100.00
2018-09-07 14:37:18,4,0.00,0.00,0.00,0.00,0.00,100.00
2018-09-07 14:37:18,5,0.00,0.00,0.00,0.00,0.00,100.00
2018-09-07 14:37:18,6,0.00,0.00,0.00,0.00,0.00,100.00
2018-09-07 14:37:18,7,0.99,0.00,0.99,0.00,0.00,98.02
2018-09-07 14:37:19,0,0.00,0.00,0.00,0.00,0.00,100.00
2018-09-07 14:37:19,1,0.00,0.00,0.00,0.00,0.00,100.00
2018-09-07 14:37:19,2,0.00,0.00,0.00,0.00,0.00,100.00
2018-09-07 14:37:19,3,0.00,0.00,0.00,0.00,0.00,100.00
2018-09-07 14:37:19,4,0.00,0.00,0.00,0.00,0.00,100.00
2018-09-07 14:37:19,5,0.00,0.00,0.00,0.00,0.00,100.00
2018-09-07 14:37:19,6,0.00,0.00,0.00,0.00,0.00,100.00
2018-09-07 14:37:19,7,1.00,0.00,0.00,0.00,0.00,99.00
2018-09-07 14:37:20,0,0.00,0.00,0.00,0.00,0.00,100.00
2018-09-07 14:37:20,1,0.00,0.00,1.04,0.00,0.00,98.96
2018-09-07 14:37:20,2,0.00,0.00,0.00,0.00,0.00,100.00
2018-09-07 14:37:20,3,0.00,0.00,0.00,0.00,0.00,100.00
2018-09-07 14:37:20,4,0.00,0.00,0.00,0.00,0.00,100.00
2018-09-07 14:37:20,5,0.00,0.00,0.99,0.00,0.00,99.01
2018-09-07 14:37:20,6,0.99,0.00,0.99,0.00,0.00,98.02
2018-09-07 14:37:20,7,0.00,0.00,0.00,0.00,0.00,100.00
2018-09-07 14:37:21,0,1.00,0.00,0.00,0.00,0.00,99.00
2018-09-07 14:37:21,1,0.00,0.00,1.03,0.00,0.00,98.97
2018-09-07 14:37:21,2,0.00,0.00,0.00,0.00,0.00,100.00
2018-09-07 14:37:21,3,0.00,0.00,0.99,0.00,0.00,99.01
2018-09-07 14:37:21,4,0.00,0.00,0.00,0.00,0.00,100.00
2018-09-07 14:37:21,5,0.00,0.00,0.00,0.00,0.00,100.00
2018-09-07 14:37:21,6,0.00,0.00,0.00,0.00,0.00,100.00
2018-09-07 14:37:21,7,1.00,0.00,0.00,0.00,0.00,99.00
2018-09-07 14:37:22,0,0.00,0.00,0.00,0.00,0.00,100.00
2018-09-07 14:37:22,1,1.03,0.00,0.00,0.00,0.00,98.97
2018-09-07 14:37:22,2,0.00,0.00,0.00,0.00,0.00,100.00
2018-09-07 14:37:22,3,0.00,0.00,0.00,0.00,0.00,100.00
2018-09-07 14:37:22,4,0.00,0.00,0.00,0.00,0.00,100.00
2018-09-07 14:37:22,5,0.00,0.00,0.00,0.00,0.00,100.00
2018-09-07 14:37:22,6,0.00,0.00,0.00,0.00,0.00,100.00
2018-09-07 14:37:22,7,1.00,0.00,0.00,0.00,0.00,99.00
2018-09-07 14:37:23,0,1.00,0.00,1.00,0.00,0.00,98.00
2018-09-07 14:37:23,1,0.00,0.00,2.04,0.00,0.00,97.96
2018-09-07 14:37:23,2,0.00,0.00,0.00,0.00,0.00,100.00
2018-09-07 14:37:23,3,0.00,0.00,0.00,0.00,0.00,100.00
2018-09-07 14:37:23,4,0.00,0.00,0.00,0.00,0.00,100.00
2018-09-07 14:37:23,5,0.00,0.00,0.00,0.00,0.00,100.00
2018-09-07 14:37:23,6,0.00,0.00,0.00,0.00,0.00,100.00
2018-09-07 14:37:23,7,0.00,0.00,0.00,0.00,0.00,100.00
2018-09-07 14:37:24,0,0.00,0.00,0.00,0.00,0.00,100.00
2018-09-07 14:37:24,1,0.00,0.00,1.02,0.00,0.00,98.98
2018-09-07 14:37:24,2,0.00,0.00,0.00,0.00,0.00,100.00
2018-09-07 14:37:24,3,0.00,0.00,0.00,0.00,0.00,100.00
2018-09-07 14:37:24,4,0.00,0.00,0.00,0.00,0.00,100.00
2018-09-07 14:37:24,5,0.00,0.00,0.00,0.00,0.00,100.00
2018-09-07 14:37:24,6,0.00,0.00,0.99,0.00,0.00,99.01
2018-09-07 14:37:24,7,1.00,0.00,0.00,0.00,0.00,99.00
2018-09-07 14:37:25,0,0.00,0.00,1.00,0.00,0.00,99.00
2018-09-07 14:37:25,1,0.00,0.00,2.04,0.00,0.00,97.96
2018-09-07 14:37:25,2,0.00,0.00,0.00,0.00,0.00,100.00
2018-09-07 14:37:25,3,0.00,0.00,0.00,0.00,0.00,100.00
2018-09-07 14:37:25,4,0.00,0.00,0.00,0.00,0.00,100.00
2018-09-07 14:37:25,5,0.00,0.00,0.00,0.00,0.00,100.00
2018-09-07 14:37:25,6,0.00,0.00,0.00,0.00,0.00,100.00
2018-09-07 14:37:25,7,0.00,0.00,0.00,1.01,0.00,98.99
2018-09-07 14:37:26,0,1.98,0.00,0.00,0.00,0.00,98.02
2018-09-07 14:37:26,1,1.02,0.00,1.02,0.00,0.00,97.96
2018-09-07 14:37:26,2,0.00,0.00,0.00,0.00,0.00,100.00
2018-09-07 14:37:26,3,0.00,0.00,0.00,0.00,0.00,100.00
2018-09-07 14:37:26,4,0.00,0.00,0.00,0.00,0.00,100.00
2018-09-07 14:37:26,5,0.00,0.00,0.00,0.00,0.00,100.00
2018-09-07 14:37:26,6,0.00,0.00,0.00,0.00,0.00,100.00
2018-09-07 14:37:26,7,0.00,0.00,0.99,0.00,0.00,99.01
2018-09-07 14:37:27,0,0.00,0.00,0.00,0.00,0.00,100.00
2018-09-07 14:37:27,1,1.02,0.00,1.02,0.00,0.00,97.96
2018-09-07 14:37:27,2,0.00,0.00,0.00,0.00,0.00,100.00
2018-09-07 14:37:27,3,0.00,0.00,0.00,0.00,0.00,100.00
2018-09-07 14:37:27,4,0.00,0.00,0.00,0.00,0.00,100.00
2018-09-07 14:37:27,5,0.00,0.00,0.00,0.00,0.00,100.00
2018-09-07 14:37:27,6,0.00,0.00,0.00,0.00,0.00,100.00
2018-09-07 14:37:27,7,1.00,0.00,0.00,0.00,0.00,99.00
2018-09-07 14:37:28,0,0.00,0.00,0.00,0.00,0.00,100.00
2018-09-07 14:37:28,1,0.00,0.00,0.00,0.00,0.00,100.00
2018-09-07 14:37:28,2,0.00,0.00,0.99,0.00,0.00,99.01
2018-09-07 14:37:28,3,0.00,0.00,0.00,0.00,0.00,100.00
2018-09-07 14:37:28,4,0.00,0.00,0.00,0.00,0.00,100.00
2018-09-07 14:37:28,5,0.00,0.00,0.00,0.00,0.00,100.00
2018-09-07 14:37:28,6,0.00,0.00,1.00,0.00,0.00,99.00
2018-09-07 14:37:28,7,0.00,0.00,0.00,0.00,0.00,100.00
2018-09-07 14:37:29,0,0.00,0.00,0.00,0.00,0.00,100.00
2018-09-07 14:37:29,1,0.00,0.00,0.00,0.00,0.00,100.00
2018-09-07 14:37:29,2,0.00,0.00,0.00,0.00,0.00,100.00
2018-09-07 14:37:29,3,0.00,0.00,0.00,0.00,0.00,100.00
2018-09-07 14:37:29,4,0.00,0.00,0.00,0.00,0.00,100.00
2018-09-07 14:37:29,5,0.00,0.00,0.00,0.00,0.00,100.00
2018-09-07 14:37:29,6,0.00,0.00,0.00,0.00,0.00,100.00
2018-09-07 14:37:29,7,1.00,0.00,0.00,0.00,0.00,99.00
2018-09-07 14:37:30,0,0.00,0.00,0.00,0.00,0.00,100.00
2018-09-07 14:37:30,1,1.00,0.00,3.00,1.00,0.00,95.00
2018-09-07 14:37:30,2,0.00,0.00,0.99,0.00,0.00,99.01
2018-09-07 14:37:30,3,0.00,0.00,0.00,0.00,0.00,100.00
2018-09-07 14:37:30,4,0.00,0.00,0.00,0.00,0.00,100.00
2018-09-07 14:37:30,5,0.00,0.00,0.99,0.00,0.00,99.01
2018-09-07 14:37:30,6,1.00,0.00,0.00,0.00,0.00,99.00
2018-09-07 14:37:30,7,0.00,0.00,0.00,0.00,0.00,100.00
2018-09-07 14:37:31,0,1.01,0.00,0.00,0.00,0.00,98.99
2018-09-07 14:37:31,1,0.00,0.00,1.03,0.00,0.00,98.97
2018-09-07 14:37:31,2,0.00,0.00,0.00,0.00,0.00,100.00
2018-09-07 14:37:31,3,0.00,0.00,0.00,0.00,0.00,100.00
2018-09-07 14:37:31,4,0.00,0.00,0.00,0.00,0.00,100.00
2018-09-07 14:37:31,5,0.00,0.00,0.00,0.00,0.00,100.00
2018-09-07 14:37:31,6,0.00,0.00,0.00,0.00,0.00,100.00
2018-09-07 14:37:31,7,1.00,0.00,0.00,0.00,0.00,99.00
2018-09-07 14:37:32,0,0.00,0.00,0.00,0.00,0.00,100.00
2018-09-07 14:37:32,1,1.04,0.00,0.00,0.00,0.00,98.96
2018-09-07 14:37:32,2,0.99,0.00,0.00,0.00,0.00,99.01
2018-09-07 14:37:32,3,0.00,0.00,0.00,0.00,0.00,100.00
2018-09-07 14:37:32,4,0.00,0.00,0.00,0.00,0.00,100.00
2018-09-07 14:37:32,5,0.00,0.00,0.00,0.00,0.00,100.00
2018-09-07 14:37:32,6,0.00,0.00,0.99,0.00,0.00,99.01
2018-09-07 14:37:32,7,0.00,0.00,1.96,0.00,0.00,98.04
2018-09-07 14:37:33,0,1.00,0.00,0.00,0.00,0.00,99.00
2018-09-07 14:37:33,1,0.00,0.00,1.03,0.00,0.00,98.97
2018-09-07 14:37:33,2,0.00,0.00,0.00,0.00,0.00,100.00
2018-09-07 14:37:33,3,0.00,0.00,0.99,0.00,0.00,99.01
2018-09-07 14:37:33,4,0.00,0.00,0.00,0.00,0.00,100.00
2018-09-07 14:37:33,5,0.00,0.00,0.00,0.00,0.00,100.00
2018-09-07 14:37:33,6,0.00,0.00,0.00,0.00,0.00,100.00
2018-09-07 14:37:33,7,0.00,0.00,0.00,0.00,0.00,100.00
2018-09-07 14:37:34,0,0.99,0.00,0.99,0.00,0.00,98.02
2018-09-07 14:37:34,1,1.00,0.00,3.00,0.00,0.00,96.00
2018-09-07 14:37:34,2,0.00,0.00,0.00,0.00,0.00,100.00
2018-09-07 14:37:34,3,0.00,0.00,0.00,0.00,0.00,100.00
2018-09-07 14:37:34,4,0.00,0.00,0.00,0.00,0.00,100.00
2018-09-07 14:37:34,5,0.00,0.00,0.00,0.00,0.00,100.00
2018-09-07 14:37:34,6,0.00,0.00,1.00,0.00,0.00,99.00
2018-09-07 14:37:34,7,0.99,0.00,0.00,0.00,0.00,99.01
2018-09-07 14:37:35,0,1.00,0.00,1.00,0.00,0.00,98.00
2018-09-07 14:37:35,1,0.00,0.00,2.06,0.00,0.00,97.94
2018-09-07 14:37:35,2,0.00,0.00,0.00,0.00,0.00,100.00
2018-09-07 14:37:35,3,0.00,0.00,0.00,0.00,0.00,100.00
2018-09-07 14:37:35,4,0.00,0.00,0.00,1.00,0.00,99.00
2018-09-07 14:37:35,5,0.00,0.00,0.00,0.00,0.00,100.00
2018-09-07 14:37:35,6,0.00,0.00,0.00,0.00,0.00,100.00
2018-09-07 14:37:35,7,0.00,0.00,1.00,0.00,0.00,99.00
2018-09-07 14:37:36,0,2.00,0.00,0.00,0.00,0.00,98.00
2018-09-07 14:37:36,1,0.00,0.00,2.94,0.00,0.00,97.06
2018-09-07 14:37:36,2,0.99,0.00,0.00,0.00,0.00,99.01
2018-09-07 14:37:36,3,0.99,0.00,0.00,0.00,0.00,99.01
2018-09-07 14:37:36,4,0.99,0.00,0.00,0.00,0.00,99.01
2018-09-07 14:37:36,5,0.00,0.00,0.00,0.00,0.00,100.00
2018-09-07 14:37:36,6,0.00,0.00,0.99,0.00,0.00,99.01
2018-09-07 14:37:36,7,1.00,0.00,0.00,0.00,0.00,99.00
2018-09-07 14:37:37,0,0.99,0.00,1.98,0.00,0.00,97.03
2018-09-07 14:37:37,1,1.02,0.00,1.02,0.00,0.00,97.96
2018-09-07 14:37:37,2,2.00,0.00,0.00,0.00,0.00,98.00
2018-09-07 14:37:37,3,0.00,0.00,0.00,0.00,0.00,100.00
2018-09-07 14:37:37,4,0.00,0.00,0.00,0.00,0.00,100.00
2018-09-07 14:37:37,5,0.00,0.00,0.99,0.00,0.00,99.01
2018-09-07 14:37:37,6,1.00,0.00,0.00,0.00,0.00,99.00
2018-09-07 14:37:37,7,0.98,0.00,1.96,0.00,0.00,97.06
2018-09-07 14:37:38,0,0.99,0.00,0.99,0.00,0.00,98.02
2018-09-07 14:37:38,1,0.00,0.00,0.00,0.00,0.00,100.00
2018-09-07 14:37:38,2,2.00,0.00,0.00,0.00,0.00,98.00
2018-09-07 14:37:38,3,0.00,0.00,0.00,0.00,0.00,100.00
2018-09-07 14:37:38,4,0.00,0.00,0.99,0.00,0.00,99.01
2018-09-07 14:37:38,5,0.00,0.00,0.00,0.00,0.00,100.00
2018-09-07 14:37:38,6,1.00,0.00,0.00,0.00,0.00,99.00
2018-09-07 14:37:38,7,0.00,0.00,0.00,0.00,0.00,100.00
2018-09-07 14:37:39,0,2.00,0.00,0.00,0.00,0.00,98.00
2018-09-07 14:37:39,1,0.00,0.00,0.00,0.00,0.00,100.00
2018-09-07 14:37:39,2,2.00,0.00,0.00,0.00,0.00,98.00
2018-09-07 14:37:39,3,0.00,0.00,0.00,0.00,0.00,100.00
2018-09-07 14:37:39,4,0.00,0.00,0.00,0.00,0.00,100.00
2018-09-07 14:37:39,5,0.00,0.00,0.00,0.00,0.00,100.00
2018-09-07 14:37:39,6,0.99,0.00,0.99,0.00,0.00,98.02
2018-09-07 14:37:39,7,0.99,0.00,0.00,0.00,0.00,99.01
2018-09-07 14:37:40,0,1.01,0.00,0.00,0.00,0.00,98.99
2018-09-07 14:37:40,1,0.00,0.00,1.03,0.00,0.00,98.97
2018-09-07 14:37:40,2,2.00,0.00,0.00,0.00,0.00,98.00
2018-09-07 14:37:40,3,0.99,0.00,0.00,0.00,0.00,99.01
2018-09-07 14:37:40,4,0.00,0.00,0.00,1.01,0.00,98.99
2018-09-07 14:37:40,5,0.00,0.00,0.00,0.00,0.00,100.00
2018-09-07 14:37:40,6,0.99,0.00,0.00,0.00,0.00,99.01
2018-09-07 14:37:40,7,0.00,0.00,1.00,0.00,0.00,99.00
2018-09-07 14:37:41,0,0.99,0.00,0.99,0.00,0.00,98.02
2018-09-07 14:37:41,1,0.00,0.00,1.02,0.00,0.00,98.98
2018-09-07 14:37:41,2,2.00,0.00,0.00,0.00,0.00,98.00
2018-09-07 14:37:41,3,0.00,0.00,0.00,0.00,0.00,100.00
2018-09-07 14:37:41,4,0.00,0.00,0.99,0.00,0.00,99.01
2018-09-07 14:37:41,5,0.00,0.00,0.00,0.00,0.00,100.00
2018-09-07 14:37:41,6,1.00,0.00,0.00,0.00,0.00,99.00
2018-09-07 14:37:41,7,0.99,0.00,0.99,0.00,0.00,98.02
2018-09-07 14:37:42,0,1.98,0.00,0.99,0.00,0.00,97.03
2018-09-07 14:37:42,1,0.00,0.00,0.00,0.00,0.00,100.00
2018-09-07 14:37:42,2,2.00,0.00,0.00,0.00,0.00,98.00
2018-09-07 14:37:42,3,0.00,0.00,0.00,0.00,0.00,100.00
2018-09-07 14:37:42,4,0.99,0.00,0.00,0.00,0.00,99.01
2018-09-07 14:37:42,5,1.00,0.00,0.00,0.00,0.00,99.00
2018-09-07 14:37:42,6,0.99,0.00,0.99,0.00,0.00,98.02
2018-09-07 14:37:42,7,0.99,0.00,0.00,0.00,0.00,99.01
2018-09-07 14:37:43,0,1.00,0.00,1.00,0.00,0.00,98.00
2018-09-07 14:37:43,1,1.00,0.00,3.00,0.00,0.00,96.00
2018-09-07 14:37:43,2,2.02,0.00,0.00,0.00,0.00,97.98
2018-09-07 14:37:43,3,0.00,0.00,0.00,0.00,0.00,100.00
2018-09-07 14:37:43,4,0.00,0.00,0.00,0.00,0.00,100.00
2018-09-07 14:37:43,5,0.00,0.00,0.99,0.00,0.00,99.01
2018-09-07 14:37:43,6,1.98,0.00,0.00,0.00,0.00,98.02
2018-09-07 14:37:43,7,0.00,0.00,1.00,0.00,0.00,99.00
2018-09-07 14:37:44,0,0.00,0.00,0.00,0.00,0.00,100.00
2018-09-07 14:37:44,1,0.00,0.00,1.03,0.00,0.00,98.97
2018-09-07 14:37:44,2,1.98,0.00,0.00,0.00,0.00,98.02
2018-09-07 14:37:44,3,0.00,0.00,0.00,0.00,0.00,100.00
2018-09-07 14:37:44,4,0.00,0.00,0.00,0.00,0.00,100.00
2018-09-07 14:37:44,5,0.00,0.00,0.00,0.00,0.00,100.00
2018-09-07 14:37:44,6,1.96,0.00,0.98,0.00,0.00,97.06
2018-09-07 14:37:44,7,1.98,0.00,0.00,0.00,0.00,98.02
2018-09-07 14:37:45,0,0.99,0.00,0.00,0.00,0.00,99.01
2018-09-07 14:37:45,1,0.00,0.00,1.03,0.00,0.00,98.97
2018-09-07 14:37:45,2,2.02,0.00,0.00,0.00,0.00,97.98
2018-09-07 14:37:45,3,0.00,0.00,0.00,0.00,0.00,100.00
2018-09-07 14:37:45,4,0.00,0.00,0.00,1.01,0.00,98.99
2018-09-07 14:37:45,5,0.00,0.00,0.00,0.00,0.00,100.00
2018-09-07 14:37:45,6,0.00,0.00,0.00,0.00,0.00,100.00
2018-09-07 14:37:45,7,1.00,0.00,1.00,0.00,0.00,98.00
2018-09-07 14:37:46,0,0.00,0.00,0.00,0.00,0.00,100.00
2018-09-07 14:37:46,1,1.02,0.00,1.02,0.00,0.00,97.96
2018-09-07 14:37:46,2,2.00,0.00,0.00,0.00,0.00,98.00
2018-09-07 14:37:46,3,0.00,0.00,0.00,0.00,0.00,100.00
2018-09-07 14:37:46,4,0.00,0.00,0.99,0.00,0.00,99.01
2018-09-07 14:37:46,5,0.00,0.00,0.00,0.00,0.00,100.00
2018-09-07 14:37:46,6,0.00,0.00,1.00,0.00,0.00,99.00
2018-09-07 14:37:46,7,1.00,0.00,1.00,0.00,0.00,98.00
2018-09-07 14:37:47,0,0.00,0.00,0.00,0.00,0.00,100.00
2018-09-07 14:37:47,1,2.04,0.00,1.02,0.00,0.00,96.94
2018-09-07 14:37:47,2,2.00,0.00,0.00,0.00,0.00,98.00
2018-09-07 14:37:47,3,0.00,0.00,0.00,0.00,0.00,100.00
2018-09-07 14:37:47,4,0.00,0.00,0.00,0.00,0.00,100.00
2018-09-07 14:37:47,5,0.00,0.00,1.00,0.00,0.00,99.00
2018-09-07 14:37:47,6,0.00,0.00,0.99,0.00,0.00,99.01
2018-09-07 14:37:47,7,1.00,0.00,0.00,0.00,0.00,99.00
2018-09-07 14:37:48,0,1.00,0.00,0.00,0.00,0.00,99.00
2018-09-07 14:37:48,1,0.00,0.00,0.00,0.00,0.00,100.00
2018-09-07 14:37:48,2,2.00,0.00,0.00,0.00,0.00,98.00
2018-09-07 14:37:48,3,0.00,0.00,0.00,0.00,0.00,100.00
2018-09-07 14:37:48,4,0.00,0.00,0.99,0.00,0.00,99.01
2018-09-07 14:37:48,5,0.00,0.00,0.00,0.00,0.00,100.00
2018-09-07 14:37:48,6,1.00,0.00,0.00,0.00,0.00,99.00
2018-09-07 14:37:48,7,2.94,0.00,0.00,0.00,0.00,97.06
2018-09-07 14:37:49,0,1.96,0.00,0.00,0.00,0.00,98.04
2018-09-07 14:37:49,1,1.02,0.00,0.00,0.00,0.00,98.98
2018-09-07 14:37:49,2,1.01,0.00,0.00,0.00,0.00,98.99
2018-09-07 14:37:49,3,0.00,0.00,0.00,0.00,0.00,100.00
2018-09-07 14:37:49,4,0.00,0.00,0.00,0.00,0.00,100.00
2018-09-07 14:37:49,5,0.00,0.00,1.96,0.00,0.00,98.04
2018-09-07 14:37:49,6,0.00,0.00,0.00,0.00,0.00,100.00
2018-09-07 14:37:49,7,1.00,0.00,0.00,0.00,0.00,99.00
2018-09-07 14:37:50,0,0.99,0.00,0.00,0.00,0.00,99.01
2018-09-07 14:37:50,1,1.00,0.00,3.00,0.00,0.00,96.00
2018-09-07 14:37:50,2,2.97,0.00,0.00,0.00,0.00,97.03
2018-09-07 14:37:50,3,0.00,0.00,0.00,0.00,0.00,100.00
2018-09-07 14:37:50,4,0.00,0.00,0.00,1.98,0.00,98.02
2018-09-07 14:37:50,5,0.00,0.00,0.00,0.00,0.00,100.00
2018-09-07 14:37:50,6,0.00,0.00,0.00,0.00,0.00,100.00
2018-09-07 14:37:50,7,2.00,0.00,0.00,0.00,0.00,98.00
2018-09-07 14:37:51,0,1.00,0.00,0.00,0.00,0.00,99.00
2018-09-07 14:37:51,1,0.00,0.00,1.03,0.00,0.00,98.97
2018-09-07 14:37:51,2,1.01,0.00,0.00,0.00,0.00,98.99
2018-09-07 14:37:51,3,0.00,0.00,0.00,0.00,0.00,100.00
2018-09-07 14:37:51,4,0.00,0.00,0.99,0.00,0.00,99.01
2018-09-07 14:37:51,5,0.00,0.00,0.99,0.00,0.00,99.01
2018-09-07 14:37:51,6,0.00,0.00,0.00,0.00,0.00,100.00
2018-09-07 14:37:51,7,1.98,0.00,0.00,0.00,0.00,98.02
2018-09-07 14:37:52,0,0.99,0.00,0.00,0.00,0.00,99.01
2018-09-07 14:37:52,1,0.00,0.00,1.03,0.00,0.00,98.97
2018-09-07 14:37:52,2,2.00,0.00,0.00,0.00,0.00,98.00
2018-09-07 14:37:52,3,0.00,0.00,0.00,0.00,0.00,100.00
2018-09-07 14:37:52,4,0.00,0.00,0.00,0.00,0.00,100.00
2018-09-07 14:37:52,5,0.00,0.00,0.00,0.00,0.00,100.00
2018-09-07 14:37:52,6,0.00,0.00,0.00,0.00,0.00,100.00
2018-09-07 14:37:52,7,1.00,0.00,0.00,0.00,0.00,99.00
2018-09-07 14:37:53,0,0.00,0.00,1.00,0.00,0.00,99.00
2018-09-07 14:37:53,1,1.02,0.00,1.02,0.00,0.00,97.96
2018-09-07 14:37:53,2,2.00,0.00,0.00,0.00,0.00,98.00
2018-09-07 14:37:53,3,0.00,0.00,0.00,0.00,0.00,100.00
2018-09-07 14:37:53,4,0.00,0.00,0.00,0.00,0.00,100.00
2018-09-07 14:37:53,5,0.00,0.00,0.00,0.00,0.00,100.00
2018-09-07 14:37:53,6,0.00,0.00,0.00,0.00,0.00,100.00
2018-09-07 14:37:53,7,0.00,0.00,1.00,0.00,0.00,99.00
2018-09-07 14:37:54,0,1.01,0.00,0.00,0.00,0.00,98.99
2018-09-07 14:37:54,1,1.03,0.00,1.03,0.00,0.00,97.94
2018-09-07 14:37:54,2,2.97,0.00,0.00,0.00,0.00,97.03
2018-09-07 14:37:54,3,0.00,0.00,0.00,0.00,0.00,100.00
2018-09-07 14:37:54,4,0.00,0.00,0.00,0.00,0.00,100.00
2018-09-07 14:37:54,5,0.00,0.00,0.00,0.00,0.00,100.00
2018-09-07 14:37:54,6,0.00,0.00,0.00,0.00,0.00,100.00
2018-09-07 14:37:54,7,0.00,0.00,0.00,0.00,0.00,100.00
2018-09-07 14:37:55,0,1.00,0.00,0.00,0.00,0.00,99.00
2018-09-07 14:37:55,1,1.01,0.00,2.02,0.00,0.00,96.97
2018-09-07 14:37:55,2,2.00,0.00,0.00,0.00,0.00,98.00
2018-09-07 14:37:55,3,0.00,0.00,0.00,0.00,0.00,100.00
2018-09-07 14:37:55,4,0.00,0.00,0.00,0.00,0.00,100.00
2018-09-07 14:37:55,5,0.00,0.00,0.00,1.00,0.00,99.00
2018-09-07 14:37:55,6,0.00,0.00,0.00,0.00,0.00,100.00
2018-09-07 14:37:55,7,0.00,0.00,0.00,0.00,0.00,100.00
2018-09-07 14:37:56,0,0.00,0.00,1.00,0.00,0.00,99.00
2018-09-07 14:37:56,1,0.00,0.00,1.03,0.00,0.00,98.97
2018-09-07 14:37:56,2,0.00,0.00,0.00,0.00,0.00,100.00
2018-09-07 14:37:56,3,0.00,0.00,0.00,0.00,0.00,100.00
2018-09-07 14:37:56,4,2.02,0.00,0.00,0.00,0.00,97.98
2018-09-07 14:37:56,5,0.00,0.00,0.00,0.00,0.00,100.00
2018-09-07 14:37:56,6,0.00,0.00,0.00,0.00,0.00,100.00
2018-09-07 14:37:56,7,0.00,0.00,1.00,0.00,0.00,99.00
2018-09-07 14:37:57,0,1.00,0.00,0.00,0.00,0.00,99.00
2018-09-07 14:37:57,1,0.00,0.00,0.00,0.00,0.00,100.00
2018-09-07 14:37:57,2,0.00,0.00,0.00,0.00,0.00,100.00
2018-09-07 14:37:57,3,0.00,0.00,0.00,0.00,0.00,100.00
2018-09-07 14:37:57,4,2.00,0.00,0.00,0.00,0.00,98.00
2018-09-07 14:37:57,5,0.00,0.00,0.00,0.00,0.00,100.00
2018-09-07 14:37:57,6,0.00,0.00,0.00,0.00,0.00,100.00
2018-09-07 14:37:57,7,0.99,0.00,0.00,0.00,0.00,99.01
2018-09-07 14:37:58,0,1.00,0.00,0.00,0.00,0.00,99.00
2018-09-07 14:37:58,1,0.00,0.00,1.02,0.00,0.00,98.98
2018-09-07 14:37:58,2,0.00,0.00,0.00,0.00,0.00,100.00
2018-09-07 14:37:58,3,0.00,0.00,0.00,0.00,0.00,100.00
2018-09-07 14:37:58,4,2.00,0.00,0.00,0.00,0.00,98.00
2018-09-07 14:37:58,5,0.00,0.00,0.00,0.00,0.00,100.00
2018-09-07 14:37:58,6,0.99,0.00,0.00,0.00,0.00,99.01
2018-09-07 14:37:58,7,0.00,0.00,0.00,0.00,0.00,100.00
2018-09-07 14:37:59,0,0.00,0.00,0.00,0.00,0.00,100.00
2018-09-07 14:37:59,1,0.00,0.00,2.04,0.00,0.00,97.96
2018-09-07 14:37:59,2,0.00,0.00,0.00,0.00,0.00,100.00
2018-09-07 14:37:59,3,0.00,0.00,0.00,0.00,0.00,100.00
2018-09-07 14:37:59,4,2.00,0.00,0.00,0.00,0.00,98.00
2018-09-07 14:37:59,5,0.00,0.00,0.00,0.00,0.00,100.00
2018-09-07 14:37:59,6,0.00,0.00,0.00,0.00,0.00,100.00
2018-09-07 14:37:59,7,0.00,0.00,0.00,0.00,0.00,100.00
2018-09-07 14:38:00,0,2.97,0.00,0.00,0.00,0.00,97.03
2018-09-07 14:38:00,1,0.00,0.00,0.00,0.00,0.00,100.00
2018-09-07 14:38:00,2,0.00,0.00,0.00,0.00,0.00,100.00
2018-09-07 14:38:00,3,0.00,0.00,0.00,0.00,0.00,100.00
2018-09-07 14:38:00,4,2.02,0.00,0.00,0.00,0.00,97.98
2018-09-07 14:38:00,5,0.00,0.00,1.00,0.00,0.00,99.00
2018-09-07 14:38:00,6,0.00,0.00,0.00,0.00,0.00,100.00
2018-09-07 14:38:00,7,0.00,0.00,0.00,1.00,0.00,99.00
2018-09-07 14:38:01,0,1.00,0.00,1.00,0.00,0.00,98.00
2018-09-07 14:38:01,1,0.00,0.00,1.04,0.00,0.00,98.96
2018-09-07 14:38:01,2,0.00,0.00,0.00,0.00,0.00,100.00
2018-09-07 14:38:01,3,0.00,0.00,0.99,0.00,0.00,99.01
2018-09-07 14:38:01,4,2.00,0.00,0.00,0.00,0.00,98.00
2018-09-07 14:38:01,5,0.00,0.00,0.00,0.00,0.00,100.00
2018-09-07 14:38:01,6,0.00,0.00,0.00,0.00,0.00,100.00
2018-09-07 14:38:01,7,0.00,0.00,0.00,0.00,0.00,100.00
2018-09-07 14:38:02,0,0.00,0.00,0.00,0.00,0.00,100.00
2018-09-07 14:38:02,1,0.00,0.00,0.00,0.00,0.00,100.00
2018-09-07 14:38:02,2,0.00,0.00,0.00,0.00,0.00,100.00
2018-09-07 14:38:02,3,0.00,0.00,0.00,0.00,0.00,100.00
2018-09-07 14:38:02,4,2.00,0.00,0.00,0.00,0.00,98.00
2018-09-07 14:38:02,5,0.00,0.00,0.00,0.00,0.00,100.00
2018-09-07 14:38:02,6,0.00,0.00,0.00,0.00,0.00,100.00
2018-09-07 14:38:02,7,0.00,0.00,0.00,0.00,0.00,100.00
2018-09-07 14:38:03,0,0.99,0.00,0.99,0.00,0.00,98.02
2018-09-07 14:38:03,1,0.00,0.00,1.03,0.00,0.00,98.97
2018-09-07 14:38:03,2,0.00,0.00,0.00,0.00,0.00,100.00
2018-09-07 14:38:03,3,0.99,0.00,0.00,0.00,0.00,99.01
2018-09-07 14:38:03,4,2.00,0.00,0.00,0.00,0.00,98.00
2018-09-07 14:38:03,5,0.00,0.00,0.00,0.00,0.00,100.00
2018-09-07 14:38:03,6,0.00,0.00,1.00,0.00,0.00,99.00
2018-09-07 14:38:03,7,0.00,0.00,0.00,0.00,0.00,100.00
2018-09-07 14:38:04,0,1.00,0.00,0.00,0.00,0.00,99.00
2018-09-07 14:38:04,1,1.03,0.00,0.00,0.00,0.00,98.97
2018-09-07 14:38:04,2,0.00,0.00,0.00,0.00,0.00,100.00
2018-09-07 14:38:04,3,0.00,0.00,0.00,0.00,0.00,100.00
2018-09-07 14:38:04,4,2.02,0.00,0.00,0.00,0.00,97.98
2018-09-07 14:38:04,5,0.00,0.00,0.00,0.00,0.00,100.00
2018-09-07 14:38:04,6,0.00,0.00,0.00,0.00,0.00,100.00
2018-09-07 14:38:04,7,0.00,0.00,0.00,0.00,0.00,100.00
2018-09-07 14:38:05,0,0.00,0.00,0.00,0.00,0.00,100.00
2018-09-07 14:38:05,1,0.00,0.00,1.03,0.00,0.00,98.97
2018-09-07 14:38:05,2,0.00,0.00,0.00,0.00,0.00,100.00
2018-09-07 14:38:05,3,0.00,0.00,0.00,0.00,0.00,100.00
2018-09-07 14:38:05,4,2.00,0.00,0.00,0.00,0.00,98.00
2018-09-07 14:38:05,5,0.00,0.00,0.00,0.00,0.00,100.00
2018-09-07 14:38:05,6,0.00,0.00,1.00,0.00,0.00,99.00
2018-09-07 14:38:05,7,0.00,0.00,0.00,1.00,0.00,99.00
2018-09-07 14:38:06,0,0.00,0.00,0.00,0.00,0.00,100.00
2018-09-07 14:38:06,1,0.00,0.00,0.00,0.00,0.00,100.00
2018-09-07 14:38:06,2,0.00,0.00,0.00,0.00,0.00,100.00
2018-09-07 14:38:06,3,0.00,0.00,0.00,0.00,0.00,100.00
2018-09-07 14:38:06,4,2.00,0.00,0.00,0.00,0.00,98.00
2018-09-07 14:38:06,5,0.00,0.00,0.00,0.00,0.00,100.00
2018-09-07 14:38:06,6,0.00,0.00,0.00,0.00,0.00,100.00
2018-09-07 14:38:06,7,0.00,0.00,0.00,0.00,0.00,100.00
2018-09-07 14:38:07,0,1.00,0.00,0.00,0.00,0.00,99.00
2018-09-07 14:38:07,1,0.00,0.00,0.00,0.00,0.00,100.00
2018-09-07 14:38:07,2,0.00,0.00,0.00,0.00,0.00,100.00
2018-09-07 14:38:07,3,0.00,0.00,0.00,0.00,0.00,100.00
2018-09-07 14:38:07,4,2.00,0.00,0.00,0.00,0.00,98.00
2018-09-07 14:38:07,5,0.00,0.00,0.00,0.00,0.00,100.00
2018-09-07 14:38:07,6,0.00,0.00,0.00,0.00,0.00,100.00
2018-09-07 14:38:07,7,0.00,0.00,0.00,0.00,0.00,100.00
2018-09-07 14:38:08,0,0.00,0.00,1.00,0.00,0.00,99.00
2018-09-07 14:38:08,1,0.00,0.00,3.03,0.00,0.00,96.97
2018-09-07 14:38:08,2,0.00,0.00,0.00,0.00,0.00,100.00
2018-09-07 14:38:08,3,0.00,0.00,0.00,0.00,0.00,100.00
2018-09-07 14:38:08,4,2.00,0.00,0.00,0.00,0.00,98.00
2018-09-07 14:38:08,5,0.00,0.00,0.00,0.00,0.00,100.00
2018-09-07 14:38:08,6,0.00,0.00,0.00,0.00,0.00,100.00
2018-09-07 14:38:08,7,0.00,0.00,0.00,0.00,0.00,100.00
2018-09-07 14:38:09,0,1.01,0.00,0.00,0.00,0.00,98.99
2018-09-07 14:38:09,1,0.00,0.00,2.04,0.00,0.00,97.96
2018-09-07 14:38:09,2,0.00,0.00,0.00,0.00,0.00,100.00
2018-09-07 14:38:09,3,0.00,0.00,0.00,0.00,0.00,100.00
2018-09-07 14:38:09,4,2.02,0.00,0.00,0.00,0.00,97.98
2018-09-07 14:38:09,5,0.00,0.00,0.00,0.00,0.00,100.00
2018-09-07 14:38:09,6,0.00,0.00,0.00,0.00,0.00,100.00
2018-09-07 14:38:09,7,0.00,0.00,0.00,0.00,0.00,100.00
2018-09-07 14:38:10,0,3.00,0.00,0.00,1.00,0.00,96.00
2018-09-07 14:38:10,1,2.00,0.00,1.00,0.00,0.00,97.00
2018-09-07 14:38:10,2,2.00,0.00,0.00,0.00,0.00,98.00
2018-09-07 14:38:10,3,1.00,0.00,0.00,0.00,0.00,99.00
2018-09-07 14:38:10,4,2.97,0.00,0.00,0.00,0.00,97.03
2018-09-07 14:38:10,5,1.00,0.00,0.00,0.00,0.00,99.00
2018-09-07 14:38:10,6,0.00,0.00,0.00,0.00,0.00,100.00
2018-09-07 14:38:10,7,2.02,0.00,0.00,0.00,0.00,97.98
2018-09-07 14:38:11,0,2.00,0.00,0.00,0.00,0.00,98.00
2018-09-07 14:38:11,1,0.00,0.00,1.04,0.00,0.00,98.96
2018-09-07 14:38:11,2,0.00,0.00,0.00,0.00,0.00,100.00
2018-09-07 14:38:11,3,0.00,0.00,0.00,0.00,0.00,100.00
2018-09-07 14:38:11,4,3.00,0.00,0.00,0.00,0.00,97.00
2018-09-07 14:38:11,5,0.00,0.00,0.00,0.00,0.00,100.00
2018-09-07 14:38:11,6,0.00,0.00,0.00,0.00,0.00,100.00
2018-09-07 14:38:11,7,0.00,0.00,0.00,0.00,0.00,100.00
2018-09-07 14:38:12,0,1.00,0.00,0.00,0.00,0.00,99.00
2018-09-07 14:38:12,1,0.00,0.00,1.02,0.00,0.00,98.98
2018-09-07 14:38:12,2,0.00,0.00,0.00,0.00,0.00,100.00
2018-09-07 14:38:12,3,0.00,0.00,0.00,0.00,0.00,100.00
2018-09-07 14:38:12,4,2.00,0.00,0.00,0.00,0.00,98.00
2018-09-07 14:38:12,5,0.00,0.00,0.00,0.00,0.00,100.00
2018-09-07 14:38:12,6,1.00,0.00,0.00,0.00,0.00,99.00
2018-09-07 14:38:12,7,0.00,0.00,0.00,0.00,0.00,100.00
2018-09-07 14:38:13,0,1.01,0.00,1.01,0.00,0.00,97.98
2018-09-07 14:38:13,1,0.00,0.00,1.03,0.00,0.00,98.97
2018-09-07 14:38:13,2,0.00,0.00,0.00,0.00,0.00,100.00
2018-09-07 14:38:13,3,0.00,0.00,0.99,0.00,0.00,99.01
2018-09-07 14:38:13,4,2.00,0.00,0.00,0.00,0.00,98.00
2018-09-07 14:38:13,5,0.00,0.00,0.00,0.00,0.00,100.00
2018-09-07 14:38:13,6,0.00,0.00,0.00,0.00,0.00,100.00
2018-09-07 14:38:13,7,0.00,0.00,0.00,0.00,0.00,100.00
2018-09-07 14:38:14,0,0.00,0.00,0.00,0.00,0.00,100.00
2018-09-07 14:38:14,1,2.00,0.00,2.00,0.00,0.00,96.00
2018-09-07 14:38:14,2,0.00,0.00,0.00,0.00,0.00,100.00
2018-09-07 14:38:14,3,0.00,0.00,0.00,0.00,0.00,100.00
2018-09-07 14:38:14,4,2.00,0.00,0.00,0.00,0.00,98.00
2018-09-07 14:38:14,5,0.00,0.00,0.00,0.00,0.00,100.00
2018-09-07 14:38:14,6,0.00,0.00,0.00,0.00,0.00,100.00
2018-09-07 14:38:14,7,0.00,0.00,0.00,0.00,0.00,100.00
2018-09-07 14:38:15,0,0.00,0.00,0.00,0.00,0.00,100.00
2018-09-07 14:38:15,1,0.00,0.00,1.03,1.03,0.00,97.94
2018-09-07 14:38:15,2,0.00,0.00,0.00,0.00,0.00,100.00
2018-09-07 14:38:15,3,0.00,0.00,0.00,0.00,0.00,100.00
2018-09-07 14:38:15,4,1.01,0.00,0.00,0.00,0.00,98.99
2018-09-07 14:38:15,5,0.00,0.00,0.00,0.00,0.00,100.00
2018-09-07 14:38:15,6,0.00,0.00,0.99,0.00,0.00,99.01
2018-09-07 14:38:15,7,0.00,0.00,0.00,0.00,0.00,100.00
2018-09-07 14:38:16,0,1.00,0.00,0.00,0.00,0.00,99.00
2018-09-07 14:38:16,1,0.00,0.00,0.00,0.00,0.00,100.00
2018-09-07 14:38:16,2,0.00,0.00,0.00,0.00,0.00,100.00
2018-09-07 14:38:16,3,0.00,0.00,0.00,0.00,0.00,100.00
2018-09-07 14:38:16,4,2.00,0.00,0.00,0.00,0.00,98.00
2018-09-07 14:38:16,5,0.00,0.00,0.00,0.00,0.00,100.00
2018-09-07 14:38:16,6,0.00,0.00,0.00,0.00,0.00,100.00
2018-09-07 14:38:16,7,0.00,0.00,0.00,0.00,0.00,100.00
2018-09-07 14:38:17,0,0.00,0.00,1.01,0.00,0.00,98.99
2018-09-07 14:38:17,1,1.03,0.00,0.00,0.00,0.00,98.97
2018-09-07 14:38:17,2,0.00,0.00,0.00,0.00,0.00,100.00
2018-09-07 14:38:17,3,0.00,0.00,0.00,0.00,0.00,100.00
2018-09-07 14:38:17,4,2.00,0.00,0.00,0.00,0.00,98.00
2018-09-07 14:38:17,5,0.00,0.00,0.00,0.00,0.00,100.00
2018-09-07 14:38:17,6,0.00,0.00,0.00,0.00,0.00,100.00
2018-09-07 14:38:17,7,0.00,0.00,0.00,0.00,0.00,100.00
2018-09-07 14:38:18,0,1.00,0.00,0.00,0.00,0.00,99.00
2018-09-07 14:38:18,1,0.00,0.00,0.00,0.00,0.00,100.00
2018-09-07 14:38:18,2,0.00,0.00,0.00,0.00,0.00,100.00
2018-09-07 14:38:18,3,0.00,0.00,0.00,0.00,0.00,100.00
2018-09-07 14:38:18,4,2.00,0.00,0.00,0.00,0.00,98.00
2018-09-07 14:38:18,5,0.00,0.00,0.00,0.00,0.00,100.00
2018-09-07 14:38:18,6,0.00,0.00,0.00,0.00,0.00,100.00
2018-09-07 14:38:18,7,0.00,0.00,1.00,0.00,0.00,99.00
2018-09-07 14:38:19,0,1.00,0.00,0.00,0.00,0.00,99.00
2018-09-07 14:38:19,1,0.00,0.00,1.03,0.00,0.00,98.97
2018-09-07 14:38:19,2,0.00,0.00,0.00,0.00,0.00,100.00
2018-09-07 14:38:19,3,0.00,0.00,0.00,0.00,0.00,100.00
2018-09-07 14:38:19,4,2.00,0.00,0.00,0.00,0.00,98.00
2018-09-07 14:38:19,5,0.00,0.00,0.00,0.00,0.00,100.00
2018-09-07 14:38:19,6,0.00,0.00,1.00,0.00,0.00,99.00
2018-09-07 14:38:19,7,0.00,0.00,0.00,0.00,0.00,100.00
2018-09-07 14:38:20,0,0.00,0.00,0.00,0.00,0.00,100.00
2018-09-07 14:38:20,1,0.00,0.00,1.02,1.02,0.00,97.96
2018-09-07 14:38:20,2,0.00,0.00,0.00,0.00,0.00,100.00
2018-09-07 14:38:20,3,0.00,0.00,0.00,0.00,0.00,100.00
2018-09-07 14:38:20,4,1.98,0.00,0.99,0.00,0.00,97.03
2018-09-07 14:38:20,5,0.00,0.00,0.00,0.00,0.00,100.00
2018-09-07 14:38:20,6,0.00,0.00,0.00,0.00,0.00,100.00
2018-09-07 14:38:20,7,0.00,0.00,0.00,0.00,0.00,100.00
2018-09-07 14:38:21,0,1.00,0.00,0.00,0.00,0.00,99.00
2018-09-07 14:38:21,1,0.00,0.00,0.00,0.00,0.00,100.00
2018-09-07 14:38:21,2,0.00,0.00,0.00,0.00,0.00,100.00
2018-09-07 14:38:21,3,0.00,0.00,0.00,0.00,0.00,100.00
2018-09-07 14:38:21,4,1.01,0.00,0.00,0.00,0.00,98.99
2018-09-07 14:38:21,5,0.00,0.00,0.00,0.00,0.00,100.00
2018-09-07 14:38:21,6,0.00,0.00,0.00,0.00,0.00,100.00
2018-09-07 14:38:21,7,0.00,0.00,0.00,0.00,0.00,100.00
2018-09-07 14:38:22,0,1.01,0.00,0.00,0.00,0.00,98.99
2018-09-07 14:38:22,1,0.99,0.00,3.96,0.00,0.00,95.05
2018-09-07 14:38:22,2,0.00,0.00,0.00,1.00,0.00,99.00
2018-09-07 14:38:22,3,0.00,0.00,0.00,0.00,0.00,100.00
2018-09-07 14:38:22,4,2.00,0.00,0.00,0.00,0.00,98.00
2018-09-07 14:38:22,5,0.00,0.00,0.00,0.00,0.00,100.00
2018-09-07 14:38:22,6,0.99,0.00,0.99,0.00,0.00,98.02
2018-09-07 14:38:22,7,0.99,0.00,0.00,0.00,0.00,99.01
2018-09-07 14:38:23,0,1.00,0.00,0.00,0.00,0.00,99.00
2018-09-07 14:38:23,1,0.00,0.00,1.03,0.00,0.00,98.97
2018-09-07 14:38:23,2,0.00,0.00,0.00,0.00,0.00,100.00
2018-09-07 14:38:23,3,0.00,0.00,0.00,0.00,0.00,100.00
2018-09-07 14:38:23,4,2.00,0.00,0.00,0.00,0.00,98.00
2018-09-07 14:38:23,5,0.00,0.00,0.00,0.00,0.00,100.00
2018-09-07 14:38:23,6,0.00,0.00,1.96,0.00,0.00,98.04
2018-09-07 14:38:23,7,0.00,0.00,0.00,0.00,0.00,100.00
2018-09-07 14:38:24,0,1.00,0.00,0.00,0.00,0.00,99.00
2018-09-07 14:38:24,1,0.00,0.00,0.00,0.00,0.00,100.00
2018-09-07 14:38:24,2,0.00,0.00,0.00,0.00,0.00,100.00
2018-09-07 14:38:24,3,0.00,0.00,0.99,0.00,0.00,99.01
2018-09-07 14:38:24,4,2.02,0.00,0.00,0.00,0.00,97.98
2018-09-07 14:38:24,5,0.00,0.00,0.99,0.00,0.00,99.01
2018-09-07 14:38:24,6,1.96,0.00,0.98,0.00,0.00,97.06
2018-09-07 14:38:24,7,1.00,0.00,0.00,0.00,0.00,99.00
2018-09-07 14:38:25,0,1.00,0.00,1.00,0.00,0.00,98.00
2018-09-07 14:38:25,1,0.00,0.00,0.00,1.05,0.00,98.95
2018-09-07 14:38:25,2,0.00,0.00,0.00,0.00,0.00,100.00
2018-09-07 14:38:25,3,0.00,0.00,0.00,0.00,0.00,100.00
2018-09-07 14:38:25,4,1.98,0.00,0.00,0.00,0.00,98.02
2018-09-07 14:38:25,5,0.00,0.00,0.00,0.00,0.00,100.00
2018-09-07 14:38:25,6,0.00,0.00,1.98,0.00,0.00,98.02
2018-09-07 14:38:25,7,0.00,0.00,0.00,0.00,0.00,100.00
2018-09-07 14:38:26,0,0.99,0.00,0.99,0.00,0.00,98.02
2018-09-07 14:38:26,1,1.01,0.00,1.01,0.00,0.00,97.98
2018-09-07 14:38:26,2,0.00,0.00,0.00,0.00,0.00,100.00
2018-09-07 14:38:26,3,0.99,0.00,0.00,0.00,0.00,99.01
2018-09-07 14:38:26,4,3.00,0.00,0.00,0.00,0.00,97.00
2018-09-07 14:38:26,5,0.00,0.00,0.00,0.00,0.00,100.00
2018-09-07 14:38:26,6,1.98,0.00,0.00,0.00,0.00,98.02
2018-09-07 14:38:26,7,0.00,0.00,0.99,0.00,0.00,99.01
2018-09-07 14:38:27,0,1.00,0.00,0.00,0.00,0.00,99.00
2018-09-07 14:38:27,1,1.02,0.00,1.02,0.00,0.00,97.96
2018-09-07 14:38:27,2,0.99,0.00,0.00,0.00,0.00,99.01
2018-09-07 14:38:27,3,0.00,0.00,0.00,0.00,0.00,100.00
2018-09-07 14:38:27,4,2.00,0.00,0.00,0.00,0.00,98.00
2018-09-07 14:38:27,5,0.00,0.00,0.00,0.00,0.00,100.00
2018-09-07 14:38:27,6,0.00,0.00,2.94,0.00,0.00,97.06
2018-09-07 14:38:27,7,0.00,0.00,0.00,0.00,0.00,100.00
2018-09-07 14:38:28,0,2.97,0.00,0.00,0.00,0.00,97.03
2018-09-07 14:38:28,1,0.00,0.00,0.00,0.00,0.00,100.00
2018-09-07 14:38:28,2,0.00,0.00,1.00,0.00,0.00,99.00
2018-09-07 14:38:28,3,0.00,0.00,0.00,0.00,0.00,100.00
2018-09-07 14:38:28,4,1.00,0.00,0.00,0.00,0.00,99.00
2018-09-07 14:38:28,5,0.00,0.00,0.99,0.00,0.00,99.01
2018-09-07 14:38:28,6,0.00,0.00,0.00,0.00,0.00,100.00
2018-09-07 14:38:28,7,0.00,0.00,0.00,0.00,0.00,100.00
2018-09-07 14:38:29,0,1.01,0.00,0.00,0.00,0.00,98.99
2018-09-07 14:38:29,1,2.00,0.00,1.00,0.00,0.00,97.00
2018-09-07 14:38:29,2,2.00,0.00,0.00,0.00,0.00,98.00
2018-09-07 14:38:29,3,0.00,0.00,0.00,0.00,0.00,100.00
2018-09-07 14:38:29,4,0.99,0.00,0.00,0.00,0.00,99.01
2018-09-07 14:38:29,5,0.00,0.00,0.00,0.00,0.00,100.00
2018-09-07 14:38:29,6,0.00,0.00,1.00,0.00,0.00,99.00
2018-09-07 14:38:29,7,0.00,0.00,0.00,0.00,0.00,100.00
2018-09-07 14:38:30,0,1.98,0.00,0.99,0.00,0.00,97.03
2018-09-07 14:38:30,1,0.00,0.00,0.00,1.04,0.00,98.96
2018-09-07 14:38:30,2,2.00,0.00,0.00,0.00,0.00,98.00
2018-09-07 14:38:30,3,0.00,0.00,0.00,0.00,0.00,100.00
2018-09-07 14:38:30,4,0.99,0.00,0.99,0.00,0.00,98.02
2018-09-07 14:38:30,5,0.00,0.00,0.99,0.00,0.00,99.01
2018-09-07 14:38:30,6,0.98,0.00,0.98,0.00,0.00,98.04
2018-09-07 14:38:30,7,0.00,0.00,0.00,0.00,0.00,100.00
2018-09-07 14:38:31,0,1.01,0.00,0.00,0.00,0.00,98.99
2018-09-07 14:38:31,1,0.00,0.00,0.00,0.00,0.00,100.00
2018-09-07 14:38:31,2,2.00,0.00,0.00,0.00,0.00,98.00
2018-09-07 14:38:31,3,0.00,0.00,0.99,0.00,0.00,99.01
2018-09-07 14:38:31,4,0.00,0.00,0.00,0.00,0.00,100.00
2018-09-07 14:38:31,5,0.99,0.00,0.00,0.00,0.00,99.01
2018-09-07 14:38:31,6,1.00,0.00,0.00,0.00,0.00,99.00
2018-09-07 14:38:31,7,0.00,0.00,0.00,0.00,0.00,100.00
2018-09-07 14:38:32,0,1.94,0.00,1.94,0.00,0.00,96.12
2018-09-07 14:38:32,1,2.04,0.00,0.00,0.00,0.00,97.96
2018-09-07 14:38:32,2,1.98,0.00,0.99,0.00,0.00,97.03
2018-09-07 14:38:32,3,0.00,0.00,0.00,0.00,0.00,100.00
2018-09-07 14:38:32,4,0.00,0.00,0.00,0.00,0.00,100.00
2018-09-07 14:38:32,5,0.00,0.00,0.00,0.00,0.00,100.00
2018-09-07 14:38:32,6,0.00,0.00,0.00,0.00,0.00,100.00
2018-09-07 14:38:32,7,0.00,0.00,0.00,0.00,0.00,100.00
2018-09-07 14:38:33,0,1.00,0.00,1.00,0.00,0.00,98.00
2018-09-07 14:38:33,1,0.00,0.00,1.03,0.00,0.00,98.97
2018-09-07 14:38:33,2,3.00,0.00,0.00,0.00,0.00,97.00
2018-09-07 14:38:33,3,0.00,0.00,0.00,0.00,0.00,100.00
2018-09-07 14:38:33,4,0.00,0.00,0.00,0.00,0.00,100.00
2018-09-07 14:38:33,5,0.00,0.00,0.00,0.00,0.00,100.00
2018-09-07 14:38:33,6,1.00,0.00,0.00,0.00,0.00,99.00
2018-09-07 14:38:33,7,0.00,0.00,0.99,0.00,0.00,99.01
2018-09-07 14:38:34,0,2.00,0.00,0.00,0.00,0.00,98.00
2018-09-07 14:38:34,1,0.00,0.00,1.02,0.00,0.00,98.98
2018-09-07 14:38:34,2,3.92,0.00,0.00,0.00,0.00,96.08
2018-09-07 14:38:34,3,0.00,0.00,0.00,0.00,0.00,100.00
2018-09-07 14:38:34,4,0.00,0.00,0.00,0.00,0.00,100.00
2018-09-07 14:38:34,5,0.99,0.00,0.00,0.00,0.00,99.01
2018-09-07 14:38:34,6,0.00,0.00,0.00,0.00,0.00,100.00
2018-09-07 14:38:34,7,0.00,0.00,0.00,0.00,0.00,100.00
2018-09-07 14:38:35,0,1.00,0.00,0.00,0.00,0.00,99.00
2018-09-07 14:38:35,1,1.04,0.00,0.00,1.04,0.00,97.92
2018-09-07 14:38:35,2,2.02,0.00,0.00,0.00,0.00,97.98
2018-09-07 14:38:35,3,0.00,0.00,0.00,0.00,0.00,100.00
2018-09-07 14:38:35,4,0.00,0.00,0.00,0.00,0.00,100.00
2018-09-07 14:38:35,5,0.00,0.00,1.00,0.00,0.00,99.00
2018-09-07 14:38:35,6,0.99,0.00,0.00,0.00,0.00,99.01
2018-09-07 14:38:35,7,0.00,0.00,1.00,0.00,0.00,99.00
2018-09-07 14:38:36,0,2.00,0.00,0.00,0.00,0.00,98.00
2018-09-07 14:38:36,1,0.00,0.00,1.03,0.00,0.00,98.97
2018-09-07 14:38:36,2,3.92,0.00,0.00,0.00,0.00,96.08
2018-09-07 14:38:36,3,0.00,0.00,0.00,0.00,0.00,100.00
2018-09-07 14:38:36,4,0.00,0.00,0.00,0.00,0.00,100.00
2018-09-07 14:38:36,5,0.00,0.00,0.00,0.00,0.00,100.00
2018-09-07 14:38:36,6,0.00,0.00,1.00,0.00,0.00,99.00
2018-09-07 14:38:36,7,1.00,0.00,0.00,0.00,0.00,99.00
2018-09-07 14:38:37,0,0.00,0.00,0.00,0.00,0.00,100.00
2018-09-07 14:38:37,1,0.00,0.00,1.02,0.00,0.00,98.98
2018-09-07 14:38:37,2,3.00,0.00,0.00,0.00,0.00,97.00
2018-09-07 14:38:37,3,0.00,0.00,0.00,0.00,0.00,100.00
2018-09-07 14:38:37,4,0.00,0.00,0.00,0.00,0.00,100.00
2018-09-07 14:38:37,5,0.00,0.00,0.00,0.00,0.00,100.00
2018-09-07 14:38:37,6,0.00,0.00,0.00,0.00,0.00,100.00
2018-09-07 14:38:37,7,1.98,0.00,0.00,0.00,0.00,98.02
2018-09-07 14:38:38,0,0.00,0.00,0.00,0.00,0.00,100.00
2018-09-07 14:38:38,1,1.02,0.00,1.02,0.00,0.00,97.96
2018-09-07 14:38:38,2,2.97,0.00,0.00,0.00,0.00,97.03
2018-09-07 14:38:38,3,0.00,0.00,0.00,0.00,0.00,100.00
2018-09-07 14:38:38,4,0.00,0.00,0.00,0.00,0.00,100.00
2018-09-07 14:38:38,5,0.00,0.00,1.00,0.00,0.00,99.00
2018-09-07 14:38:38,6,0.00,0.00,0.00,0.00,0.00,100.00
2018-09-07 14:38:38,7,1.01,0.00,0.00,0.00,0.00,98.99
2018-09-07 14:38:39,0,0.00,0.00,0.00,0.00,0.00,100.00
2018-09-07 14:38:39,1,0.00,0.00,1.03,0.00,0.00,98.97
2018-09-07 14:38:39,2,1.00,0.00,0.00,0.00,0.00,99.00
2018-09-07 14:38:39,3,2.00,0.00,0.00,0.00,0.00,98.00
2018-09-07 14:38:39,4,0.00,0.00,0.00,0.00,0.00,100.00
2018-09-07 14:38:39,5,0.00,0.00,0.00,0.00,0.00,100.00
2018-09-07 14:38:39,6,0.00,0.00,0.00,0.00,0.00,100.00
2018-09-07 14:38:39,7,1.98,0.00,0.00,0.00,0.00,98.02
2018-09-07 14:38:40,0,0.00,0.00,0.00,0.00,0.00,100.00
2018-09-07 14:38:40,1,0.00,0.00,2.02,1.01,0.00,96.97
2018-09-07 14:38:40,2,0.99,0.00,0.00,0.99,0.00,98.02
2018-09-07 14:38:40,3,2.00,0.00,0.00,0.00,0.00,98.00
2018-09-07 14:38:40,4,0.00,0.00,0.00,0.00,0.00,100.00
2018-09-07 14:38:40,5,0.00,0.00,0.00,0.00,0.00,100.00
2018-09-07 14:38:40,6,0.00,0.00,0.00,0.00,0.00,100.00
2018-09-07 14:38:40,7,1.01,0.00,0.00,0.00,0.00,98.99
2018-09-07 14:38:41,0,0.00,0.00,0.00,0.00,0.00,100.00
2018-09-07 14:38:41,1,0.00,0.00,1.03,0.00,0.00,98.97
2018-09-07 14:38:41,2,0.99,0.00,0.00,0.00,0.00,99.01
2018-09-07 14:38:41,3,3.00,0.00,0.00,0.00,0.00,97.00
2018-09-07 14:38:41,4,0.00,0.00,0.00,0.00,0.00,100.00
2018-09-07 14:38:41,5,0.00,0.00,0.00,0.00,0.00,100.00
2018-09-07 14:38:41,6,0.00,0.00,0.00,0.00,0.00,100.00
2018-09-07 14:38:41,7,1.98,0.00,0.00,0.00,0.00,98.02
2018-09-07 14:38:42,0,0.00,0.00,0.00,0.00,0.00,100.00
2018-09-07 14:38:42,1,0.00,0.00,1.03,0.00,0.00,98.97
2018-09-07 14:38:42,2,0.99,0.00,0.00,0.00,0.00,99.01
2018-09-07 14:38:42,3,2.00,0.00,0.00,0.00,0.00,98.00
2018-09-07 14:38:42,4,0.00,0.00,0.00,0.00,0.00,100.00
2018-09-07 14:38:42,5,0.00,0.00,0.00,0.00,0.00,100.00
2018-09-07 14:38:42,6,0.00,0.00,0.00,0.00,0.00,100.00
2018-09-07 14:38:42,7,1.00,0.00,0.00,0.00,0.00,99.00
2018-09-07 14:38:43,0,0.00,0.00,0.00,0.00,0.00,100.00
2018-09-07 14:38:43,1,0.00,0.00,1.03,0.00,0.00,98.97
2018-09-07 14:38:43,2,0.00,0.00,0.00,0.00,0.00,100.00
2018-09-07 14:38:43,3,2.00,0.00,0.00,0.00,0.00,98.00
2018-09-07 14:38:43,4,0.00,0.00,0.00,0.00,0.00,100.00
2018-09-07 14:38:43,5,0.00,0.00,0.00,0.00,0.00,100.00
2018-09-07 14:38:43,6,0.00,0.00,0.00,0.00,0.00,100.00
2018-09-07 14:38:43,7,1.00,0.00,0.00,0.00,0.00,99.00
2018-09-07 14:38:44,0,0.00,0.00,0.00,0.00,0.00,100.00
2018-09-07 14:38:44,1,0.00,0.00,0.00,0.00,0.00,100.00
2018-09-07 14:38:44,2,0.00,0.00,0.00,0.00,0.00,100.00
2018-09-07 14:38:44,3,2.00,0.00,0.00,0.00,0.00,98.00
2018-09-07 14:38:44,4,0.00,0.00,0.00,0.00,0.00,100.00
2018-09-07 14:38:44,5,0.00,0.00,0.00,0.00,0.00,100.00
2018-09-07 14:38:44,6,0.00,0.00,0.00,0.00,0.00,100.00
2018-09-07 14:38:44,7,1.01,0.00,0.00,0.00,0.00,98.99
2018-09-07 14:38:45,0,0.00,0.00,0.00,0.00,0.00,100.00
2018-09-07 14:38:45,1,2.02,0.00,1.01,0.00,0.00,96.97
2018-09-07 14:38:45,2,0.00,0.00,0.00,1.00,0.00,99.00
2018-09-07 14:38:45,3,0.00,0.00,0.00,0.00,0.00,100.00
2018-09-07 14:38:45,4,2.00,0.00,0.00,0.00,0.00,98.00
2018-09-07 14:38:45,5,0.00,0.00,0.00,0.00,0.00,100.00
2018-09-07 14:38:45,6,1.00,0.00,0.00,0.00,0.00,99.00
2018-09-07 14:38:45,7,0.00,0.00,1.00,0.00,0.00,99.00
2018-09-07 14:38:46,0,1.96,0.00,0.98,0.00,0.00,97.06
2018-09-07 14:38:46,1,0.00,0.00,0.00,0.00,0.00,100.00
2018-09-07 14:38:46,2,0.00,0.00,0.00,0.00,0.00,100.00
2018-09-07 14:38:46,3,0.00,0.00,0.00,0.00,0.00,100.00
2018-09-07 14:38:46,4,2.00,0.00,0.00,0.00,0.00,98.00
2018-09-07 14:38:46,5,0.00,0.00,1.00,0.00,0.00,99.00
2018-09-07 14:38:46,6,0.00,0.00,0.00,0.00,0.00,100.00
2018-09-07 14:38:46,7,0.99,0.00,0.00,0.00,0.00,99.01
2018-09-07 14:38:47,0,1.01,0.00,0.00,0.00,0.00,98.99
2018-09-07 14:38:47,1,0.00,0.00,2.06,0.00,0.00,97.94
2018-09-07 14:38:47,2,0.00,0.00,0.00,0.00,0.00,100.00
2018-09-07 14:38:47,3,0.00,0.00,0.00,0.00,0.00,100.00
2018-09-07 14:38:47,4,2.00,0.00,0.00,0.00,0.00,98.00
2018-09-07 14:38:47,5,0.00,0.00,0.00,0.00,0.00,100.00
2018-09-07 14:38:47,6,0.00,0.00,0.99,0.00,0.00,99.01
2018-09-07 14:38:47,7,0.00,0.00,1.00,0.00,0.00,99.00
2018-09-07 14:38:48,0,0.00,0.00,1.00,0.00,0.00,99.00
2018-09-07 14:38:48,1,0.00,0.00,2.04,0.00,0.00,97.96
2018-09-07 14:38:48,2,0.00,0.00,0.00,0.00,0.00,100.00
2018-09-07 14:38:48,3,0.00,0.00,0.00,0.00,0.00,100.00
2018-09-07 14:38:48,4,2.00,0.00,0.00,0.00,0.00,98.00
2018-09-07 14:38:48,5,0.00,0.00,0.00,0.00,0.00,100.00
2018-09-07 14:38:48,6,0.00,0.00,0.00,0.00,0.00,100.00
2018-09-07 14:38:48,7,0.00,0.00,0.00,0.00,0.00,100.00
2018-09-07 14:38:49,0,1.01,0.00,0.00,0.00,0.00,98.99
2018-09-07 14:38:49,1,0.00,0.00,2.04,0.00,0.00,97.96
2018-09-07 14:38:49,2,0.00,0.00,0.00,0.00,0.00,100.00
2018-09-07 14:38:49,3,0.00,0.00,0.00,0.00,0.00,100.00
2018-09-07 14:38:49,4,1.01,0.00,0.00,0.00,0.00,98.99
2018-09-07 14:38:49,5,0.00,0.00,0.00,0.00,0.00,100.00
2018-09-07 14:38:49,6,0.00,0.00,0.00,0.00,0.00,100.00
2018-09-07 14:38:49,7,0.00,0.00,0.00,0.00,0.00,100.00
2018-09-07 14:38:50,0,1.98,0.00,0.00,0.00,0.00,98.02
2018-09-07 14:38:50,1,0.00,0.00,0.00,0.00,0.00,100.00
2018-09-07 14:38:50,2,0.00,0.00,0.00,1.00,0.00,99.00
2018-09-07 14:38:50,3,0.00,0.00,0.99,0.00,0.00,99.01
2018-09-07 14:38:50,4,2.00,0.00,0.00,0.00,0.00,98.00
2018-09-07 14:38:50,5,0.00,0.00,0.00,0.00,0.00,100.00
2018-09-07 14:38:50,6,0.00,0.00,0.00,0.00,0.00,100.00
2018-09-07 14:38:50,7,0.00,0.00,0.00,0.00,0.00,100.00
2018-09-07 14:38:51,0,0.00,0.00,0.00,0.00,0.00,100.00
2018-09-07 14:38:51,1,0.00,0.00,0.00,0.00,0.00,100.00
2018-09-07 14:38:51,2,0.00,0.00,0.00,0.00,0.00,100.00
2018-09-07 14:38:51,3,0.00,0.00,0.00,0.00,0.00,100.00
2018-09-07 14:38:51,4,2.00,0.00,0.00,0.00,0.00,98.00
2018-09-07 14:38:51,5,0.00,0.00,0.00,0.00,0.00,100.00
2018-09-07 14:38:51,6,0.00,0.00,0.00,0.00,0.00,100.00
2018-09-07 14:38:51,7,0.00,0.00,0.00,0.00,0.00,100.00
2018-09-07 14:38:52,0,1.98,0.00,0.99,0.00,0.00,97.03
2018-09-07 14:38:52,1,0.00,0.00,0.00,0.00,0.00,100.00
2018-09-07 14:38:52,2,0.00,0.00,0.00,0.00,0.00,100.00
2018-09-07 14:38:52,3,0.00,0.00,0.00,0.00,0.00,100.00
2018-09-07 14:38:52,4,2.00,0.00,0.00,0.00,0.00,98.00
2018-09-07 14:38:52,5,0.00,0.00,0.00,0.00,0.00,100.00
2018-09-07 14:38:52,6,0.00,0.00,0.00,0.00,0.00,100.00
2018-09-07 14:38:52,7,0.99,0.00,0.00,0.00,0.00,99.01
2018-09-07 14:38:53,0,0.00,0.00,0.00,0.00,0.00,100.00
2018-09-07 14:38:53,1,1.01,0.00,2.02,0.00,0.00,96.97
2018-09-07 14:38:53,2,0.00,0.00,0.00,0.00,0.00,100.00
2018-09-07 14:38:53,3,0.00,0.00,0.00,0.00,0.00,100.00
2018-09-07 14:38:53,4,2.00,0.00,0.00,0.00,0.00,98.00
2018-09-07 14:38:53,5,0.00,0.00,0.00,0.00,0.00,100.00
2018-09-07 14:38:53,6,0.00,0.00,0.00,0.00,0.00,100.00
2018-09-07 14:38:53,7,0.00,0.00,0.00,0.00,0.00,100.00
2018-09-07 14:38:54,0,1.01,0.00,0.00,0.00,0.00,98.99
2018-09-07 14:38:54,1,1.02,0.00,1.02,0.00,0.00,97.96
2018-09-07 14:38:54,2,0.00,0.00,0.00,0.00,0.00,100.00
2018-09-07 14:38:54,3,0.00,0.00,0.00,0.00,0.00,100.00
2018-09-07 14:38:54,4,2.00,0.00,0.00,0.00,0.00,98.00
2018-09-07 14:38:54,5,0.00,0.00,0.00,0.00,0.00,100.00
2018-09-07 14:38:54,6,0.00,0.00,0.00,0.00,0.00,100.00
2018-09-07 14:38:54,7,0.00,0.00,0.00,0.00,0.00,100.00
2018-09-07 14:38:55,0,0.99,0.00,0.00,0.00,0.00,99.01
2018-09-07 14:38:55,1,0.00,0.00,0.00,0.00,0.00,100.00
2018-09-07 14:38:55,2,0.00,0.00,0.00,0.99,0.00,99.01
2018-09-07 14:38:55,3,0.00,0.00,0.00,0.00,0.00,100.00
2018-09-07 14:38:55,4,2.00,0.00,0.00,0.00,0.00,98.00
2018-09-07 14:38:55,5,0.00,0.00,0.00,0.00,0.00,100.00
2018-09-07 14:38:55,6,0.00,0.00,0.00,0.00,0.00,100.00
2018-09-07 14:38:55,7,0.00,0.00,0.00,0.00,0.00,100.00
2018-09-07 14:38:56,0,0.00,0.00,0.00,0.00,0.00,100.00
2018-09-07 14:38:56,1,0.00,0.00,1.03,0.00,0.00,98.97
2018-09-07 14:38:56,2,0.00,0.00,0.00,0.00,0.00,100.00
2018-09-07 14:38:56,3,0.00,0.00,0.00,0.00,0.00,100.00
2018-09-07 14:38:56,4,2.97,0.00,0.00,0.00,0.00,97.03
2018-09-07 14:38:56,5,0.00,0.00,0.00,0.00,0.00,100.00
2018-09-07 14:38:56,6,1.00,0.00,0.00,0.00,0.00,99.00
2018-09-07 14:38:56,7,0.00,0.00,0.00,0.00,0.00,100.00
2018-09-07 14:38:57,0,1.00,0.00,0.00,0.00,0.00,99.00
2018-09-07 14:38:57,1,1.03,0.00,1.03,0.00,0.00,97.94
2018-09-07 14:38:57,2,0.00,0.00,0.00,0.00,0.00,100.00
2018-09-07 14:38:57,3,0.00,0.00,0.00,0.00,0.00,100.00
2018-09-07 14:38:57,4,2.00,0.00,0.00,0.00,0.00,98.00
2018-09-07 14:38:57,5,0.00,0.00,0.00,0.00,0.00,100.00
2018-09-07 14:38:57,6,0.00,0.00,0.00,0.00,0.00,100.00
2018-09-07 14:38:57,7,0.00,0.00,0.00,0.00,0.00,100.00
2018-09-07 14:38:58,0,1.00,0.00,1.00,0.00,0.00,98.00
2018-09-07 14:38:58,1,0.00,0.00,0.00,0.00,0.00,100.00
2018-09-07 14:38:58,2,0.00,0.00,0.00,0.00,0.00,100.00
2018-09-07 14:38:58,3,0.00,0.00,0.00,0.00,0.00,100.00
2018-09-07 14:38:58,4,2.00,0.00,0.00,0.00,0.00,98.00
2018-09-07 14:38:58,5,0.00,0.00,0.00,0.00,0.00,100.00
2018-09-07 14:38:58,6,0.00,0.00,0.00,0.00,0.00,100.00
2018-09-07 14:38:58,7,0.00,0.00,0.00,0.00,0.00,100.00
2018-09-07 14:38:59,0,0.00,0.00,0.00,0.00,0.00,100.00
2018-09-07 14:38:59,1,0.00,0.00,1.04,0.00,0.00,98.96
2018-09-07 14:38:59,2,0.00,0.00,0.00,0.00,0.00,100.00
2018-09-07 14:38:59,3,0.00,0.00,0.00,0.00,0.00,100.00
2018-09-07 14:38:59,4,2.00,0.00,0.00,0.00,0.00,98.00
2018-09-07 14:38:59,5,0.00,0.00,0.00,0.00,0.00,100.00
2018-09-07 14:38:59,6,0.00,0.00,0.99,0.00,0.00,99.01
2018-09-07 14:38:59,7,0.00,0.00,0.00,0.00,0.00,100.00
2018-09-07 14:39:00,0,0.00,0.00,0.00,0.00,0.00,100.00
2018-09-07 14:39:00,1,0.00,0.00,0.00,0.00,0.00,100.00
2018-09-07 14:39:00,2,1.01,0.00,1.01,0.00,0.00,97.98
2018-09-07 14:39:00,3,0.00,0.00,0.00,0.00,0.00,100.00
2018-09-07 14:39:00,4,0.00,0.00,0.00,0.00,0.00,100.00
2018-09-07 14:39:00,5,0.00,0.00,0.99,0.00,0.00,99.01
2018-09-07 14:39:00,6,0.00,0.00,1.00,0.00,0.00,99.00
2018-09-07 14:39:00,7,1.98,0.00,0.00,0.00,0.00,98.02
2018-09-07 14:39:01,0,0.00,0.00,0.00,0.00,0.00,100.00
2018-09-07 14:39:01,1,1.03,0.00,1.03,0.00,0.00,97.94
2018-09-07 14:39:01,2,2.00,0.00,0.00,0.00,0.00,98.00
2018-09-07 14:39:01,3,0.00,0.00,0.00,0.00,0.00,100.00
2018-09-07 14:39:01,4,0.00,0.00,0.00,0.00,0.00,100.00
2018-09-07 14:39:01,5,0.00,0.00,0.00,0.00,0.00,100.00
2018-09-07 14:39:01,6,0.00,0.00,0.00,0.00,0.00,100.00
2018-09-07 14:39:01,7,0.00,0.00,1.01,0.00,0.00,98.99
2018-09-07 14:39:02,0,1.00,0.00,0.00,0.00,0.00,99.00
2018-09-07 14:39:02,1,0.00,0.00,1.03,0.00,0.00,98.97
2018-09-07 14:39:02,2,1.98,0.00,0.99,0.00,0.00,97.03
2018-09-07 14:39:02,3,0.99,0.00,0.00,0.00,0.00,99.01
2018-09-07 14:39:02,4,0.00,0.00,0.00,0.00,0.00,100.00
2018-09-07 14:39:02,5,0.00,0.00,0.00,0.00,0.00,100.00
2018-09-07 14:39:02,6,0.00,0.00,0.99,0.00,0.00,99.01
2018-09-07 14:39:02,7,0.00,0.00,0.00,0.00,0.00,100.00
2018-09-07 14:39:03,0,0.00,0.00,0.00,0.00,0.00,100.00
2018-09-07 14:39:03,1,0.00,0.00,0.00,0.00,0.00,100.00
2018-09-07 14:39:03,2,1.01,0.00,0.00,0.00,0.00,98.99
2018-09-07 14:39:03,3,0.00,0.00,0.00,0.00,0.00,100.00
2018-09-07 14:39:03,4,0.00,0.00,0.00,0.00,0.00,100.00
2018-09-07 14:39:03,5,0.00,0.00,0.00,0.00,0.00,100.00
2018-09-07 14:39:03,6,0.00,0.00,0.00,0.00,0.00,100.00
2018-09-07 14:39:03,7,0.99,0.00,0.99,0.00,0.00,98.02
2018-09-07 14:39:04,0,0.00,0.00,0.00,0.00,0.00,100.00
2018-09-07 14:39:04,1,1.02,0.00,1.02,0.00,0.00,97.96
2018-09-07 14:39:04,2,2.00,0.00,0.00,0.00,0.00,98.00
2018-09-07 14:39:04,3,0.00,0.00,0.00,0.00,0.00,100.00
2018-09-07 14:39:04,4,0.00,0.00,0.00,0.00,0.00,100.00
2018-09-07 14:39:04,5,0.00,0.00,0.00,0.00,0.00,100.00
2018-09-07 14:39:04,6,1.00,0.00,0.00,0.00,0.00,99.00
2018-09-07 14:39:04,7,1.00,0.00,0.00,0.00,0.00,99.00
2018-09-07 14:39:05,0,0.00,0.00,0.00,0.00,0.00,100.00
2018-09-07 14:39:05,1,0.00,0.00,1.03,0.00,0.00,98.97
2018-09-07 14:39:05,2,2.02,0.00,0.00,0.00,0.00,97.98
2018-09-07 14:39:05,3,0.00,0.00,0.00,1.01,0.00,98.99
2018-09-07 14:39:05,4,0.00,0.00,0.00,0.00,0.00,100.00
2018-09-07 14:39:05,5,0.00,0.00,0.00,0.00,0.00,100.00
2018-09-07 14:39:05,6,0.00,0.00,0.00,0.00,0.00,100.00
2018-09-07 14:39:05,7,0.00,0.00,0.00,0.00,0.00,100.00
2018-09-07 14:39:06,0,0.00,0.00,0.00,0.00,0.00,100.00
2018-09-07 14:39:06,1,0.00,0.00,1.03,0.00,0.00,98.97
2018-09-07 14:39:06,2,2.00,0.00,0.00,0.00,0.00,98.00
2018-09-07 14:39:06,3,0.00,0.00,0.00,0.00,0.00,100.00
2018-09-07 14:39:06,4,0.00,0.00,0.00,0.00,0.00,100.00
2018-09-07 14:39:06,5,0.00,0.00,0.00,0.00,0.00,100.00
2018-09-07 14:39:06,6,0.00,0.00,0.00,0.00,0.00,100.00
2018-09-07 14:39:06,7,0.00,0.00,1.00,0.00,0.00,99.00
2018-09-07 14:39:07,0,0.00,0.00,0.00,0.00,0.00,100.00
2018-09-07 14:39:07,1,0.00,0.00,0.00,0.00,0.00,100.00
2018-09-07 14:39:07,2,2.97,0.00,0.00,0.00,0.00,97.03
2018-09-07 14:39:07,3,0.00,0.00,0.00,0.00,0.00,100.00
2018-09-07 14:39:07,4,0.00,0.00,0.00,0.00,0.00,100.00
2018-09-07 14:39:07,5,0.00,0.00,0.00,0.00,0.00,100.00
2018-09-07 14:39:07,6,0.00,0.00,1.00,0.00,0.00,99.00
2018-09-07 14:39:07,7,0.00,0.00,0.00,0.00,0.00,100.00
2018-09-07 14:39:08,0,0.00,0.00,0.00,0.00,0.00,100.00
2018-09-07 14:39:08,1,0.99,0.00,3.96,0.00,0.00,95.05
2018-09-07 14:39:08,2,1.01,0.00,0.00,0.00,0.00,98.99
2018-09-07 14:39:08,3,0.00,0.00,0.00,0.00,0.00,100.00
2018-09-07 14:39:08,4,0.00,0.00,0.00,0.00,0.00,100.00
2018-09-07 14:39:08,5,0.99,0.00,0.00,0.00,0.00,99.01
2018-09-07 14:39:08,6,0.00,0.00,0.00,0.00,0.00,100.00
2018-09-07 14:39:08,7,1.00,0.00,0.00,0.00,0.00,99.00
2018-09-07 14:39:09,0,0.00,0.00,0.99,0.00,0.00,99.01
2018-09-07 14:39:09,1,0.00,0.00,1.04,0.00,0.00,98.96
2018-09-07 14:39:09,2,2.97,0.00,0.00,0.00,0.00,97.03
2018-09-07 14:39:09,3,0.00,0.00,0.00,0.00,0.00,100.00
2018-09-07 14:39:09,4,0.00,0.00,0.00,0.00,0.00,100.00
2018-09-07 14:39:09,5,0.00,0.00,1.00,0.00,0.00,99.00
2018-09-07 14:39:09,6,0.00,0.00,0.00,0.00,0.00,100.00
2018-09-07 14:39:09,7,0.00,0.00,1.00,0.00,0.00,99.00
2018-09-07 14:39:10,0,0.00,0.00,0.00,0.00,0.00,100.00
2018-09-07 14:39:10,1,0.00,0.00,2.04,0.00,0.00,97.96
2018-09-07 14:39:10,2,1.01,0.00,0.00,0.00,0.00,98.99
2018-09-07 14:39:10,3,0.00,0.00,0.00,2.00,0.00,98.00
2018-09-07 14:39:10,4,0.00,0.00,0.00,0.00,0.00,100.00
2018-09-07 14:39:10,5,0.00,0.00,0.00,0.00,0.00,100.00
2018-09-07 14:39:10,6,0.98,0.00,0.98,0.00,0.00,98.04
2018-09-07 14:39:10,7,0.00,0.00,1.01,0.00,0.00,98.99
2018-09-07 14:39:11,0,0.00,0.00,1.00,0.00,0.00,99.00
2018-09-07 14:39:11,1,0.00,0.00,1.03,0.00,0.00,98.97
2018-09-07 14:39:11,2,0.00,0.00,0.00,0.00,0.00,100.00
2018-09-07 14:39:11,3,2.02,0.00,0.00,0.00,0.00,97.98
2018-09-07 14:39:11,4,0.00,0.00,0.00,0.00,0.00,100.00
2018-09-07 14:39:11,5,0.00,0.00,0.00,0.00,0.00,100.00
2018-09-07 14:39:11,6,0.00,0.00,0.00,0.00,0.00,100.00
2018-09-07 14:39:11,7,1.00,0.00,0.00,0.00,0.00,99.00
2018-09-07 14:39:12,0,0.00,0.00,1.00,0.00,0.00,99.00
2018-09-07 14:39:12,1,1.98,0.00,2.97,0.00,0.00,95.05
2018-09-07 14:39:12,2,0.00,0.00,0.00,0.00,0.00,100.00
2018-09-07 14:39:12,3,2.00,0.00,0.00,0.00,0.00,98.00
2018-09-07 14:39:12,4,0.00,0.00,0.00,0.00,0.00,100.00
2018-09-07 14:39:12,5,0.00,0.00,0.00,0.00,0.00,100.00
2018-09-07 14:39:12,6,0.00,0.00,0.00,0.00,0.00,100.00
2018-09-07 14:39:12,7,1.00,0.00,0.00,0.00,0.00,99.00
2018-09-07 14:39:13,0,0.00,0.00,0.99,0.00,0.00,99.01
2018-09-07 14:39:13,1,0.00,0.00,1.04,0.00,0.00,98.96
2018-09-07 14:39:13,2,0.00,0.00,0.00,0.00,0.00,100.00
2018-09-07 14:39:13,3,2.00,0.00,0.00,0.00,0.00,98.00
2018-09-07 14:39:13,4,0.00,0.00,0.00,0.00,0.00,100.00
2018-09-07 14:39:13,5,0.00,0.00,0.00,0.00,0.00,100.00
2018-09-07 14:39:13,6,0.00,0.00,0.00,0.00,0.00,100.00
2018-09-07 14:39:13,7,2.00,0.00,0.00,0.00,0.00,98.00
2018-09-07 14:39:14,0,0.00,0.00,0.00,0.00,0.00,100.00
2018-09-07 14:39:14,1,0.00,0.00,0.00,0.00,0.00,100.00
2018-09-07 14:39:14,2,0.98,0.00,0.98,0.00,0.00,98.04
2018-09-07 14:39:14,3,2.02,0.00,0.00,0.00,0.00,97.98
2018-09-07 14:39:14,4,0.00,0.00,0.00,0.00,0.00,100.00
2018-09-07 14:39:14,5,0.00,0.00,0.00,0.00,0.00,100.00
2018-09-07 14:39:14,6,0.00,0.00,0.00,0.00,0.00,100.00
2018-09-07 14:39:14,7,0.00,0.00,1.00,0.00,0.00,99.00
2018-09-07 14:39:15,0,0.00,0.00,0.00,0.00,0.00,100.00
2018-09-07 14:39:15,1,0.00,0.00,1.03,0.00,0.00,98.97
2018-09-07 14:39:15,2,0.00,0.00,0.00,0.00,0.00,100.00
2018-09-07 14:39:15,3,2.02,0.00,0.00,0.00,0.00,97.98
2018-09-07 14:39:15,4,0.99,0.00,0.00,0.00,0.00,99.01
2018-09-07 14:39:15,5,0.00,0.00,0.00,0.00,0.00,100.00
2018-09-07 14:39:15,6,0.00,0.00,0.00,0.00,0.00,100.00
2018-09-07 14:39:15,7,0.99,0.00,0.99,0.00,0.00,98.02
2018-09-07 14:39:16,0,0.00,0.00,1.00,0.00,0.00,99.00
2018-09-07 14:39:16,1,1.04,0.00,0.00,0.00,0.00,98.96
2018-09-07 14:39:16,2,0.00,0.00,0.00,0.00,0.00,100.00
2018-09-07 14:39:16,3,2.00,0.00,0.00,0.00,0.00,98.00
2018-09-07 14:39:16,4,0.00,0.00,0.00,0.00,0.00,100.00
2018-09-07 14:39:16,5,0.00,0.00,0.00,0.00,0.00,100.00
2018-09-07 14:39:16,6,0.00,0.00,0.99,0.00,0.00,99.01
2018-09-07 14:39:16,7,0.99,0.00,0.99,0.00,0.00,98.02
2018-09-07 14:39:17,0,0.99,0.00,0.00,0.00,0.00,99.01
2018-09-07 14:39:17,1,0.00,0.00,1.03,0.00,0.00,98.97
2018-09-07 14:39:17,2,0.99,0.00,0.99,0.00,0.00,98.02
2018-09-07 14:39:17,3,1.98,0.00,0.99,0.00,0.00,97.03
2018-09-07 14:39:17,4,0.00,0.00,0.00,0.00,0.00,100.00
2018-09-07 14:39:17,5,0.00,0.00,0.00,0.00,0.00,100.00
2018-09-07 14:39:17,6,0.00,0.00,0.00,0.00,0.00,100.00
2018-09-07 14:39:17,7,1.01,0.00,0.00,0.00,0.00,98.99
2018-09-07 14:39:18,0,0.00,0.00,0.99,0.00,0.00,99.01
2018-09-07 14:39:18,1,1.02,0.00,1.02,0.00,0.00,97.96
2018-09-07 14:39:18,2,0.00,0.00,0.00,0.00,0.00,100.00
2018-09-07 14:39:18,3,2.00,0.00,0.00,0.00,0.00,98.00
2018-09-07 14:39:18,4,0.00,0.00,0.00,0.00,0.00,100.00
2018-09-07 14:39:18,5,0.00,0.00,0.00,0.00,0.00,100.00
2018-09-07 14:39:18,6,0.00,0.00,1.00,0.00,0.00,99.00
2018-09-07 14:39:18,7,1.00,0.00,0.00,0.00,0.00,99.00
2018-09-07 14:39:19,0,0.00,0.00,0.00,0.00,0.00,100.00
2018-09-07 14:39:19,1,1.03,0.00,0.00,0.00,0.00,98.97
2018-09-07 14:39:19,2,0.00,0.00,0.00,0.00,0.00,100.00
2018-09-07 14:39:19,3,2.00,0.00,0.00,0.00,0.00,98.00
2018-09-07 14:39:19,4,0.00,0.00,0.00,0.00,0.00,100.00
2018-09-07 14:39:19,5,0.00,0.00,0.00,0.00,0.00,100.00
2018-09-07 14:39:19,6,0.99,0.00,0.00,0.00,0.00,99.01
2018-09-07 14:39:19,7,0.99,0.00,0.99,0.00,0.00,98.02
2018-09-07 14:39:20,0,0.00,0.00,1.00,0.00,0.00,99.00
2018-09-07 14:39:20,1,0.00,0.00,1.03,0.00,0.00,98.97
2018-09-07 14:39:20,2,1.00,0.00,0.00,0.00,0.00,99.00
2018-09-07 14:39:20,3,2.02,0.00,0.00,1.01,0.00,96.97
2018-09-07 14:39:20,4,0.00,0.00,0.00,0.00,0.00,100.00
2018-09-07 14:39:20,5,0.00,0.00,0.00,0.00,0.00,100.00
2018-09-07 14:39:20,6,0.00,0.00,1.98,0.00,0.00,98.02
2018-09-07 14:39:20,7,1.01,0.00,0.00,0.00,0.00,98.99
2018-09-07 14:39:21,0,0.00,0.00,0.99,0.00,0.00,99.01
2018-09-07 14:39:21,1,0.00,0.00,0.00,0.00,0.00,100.00
2018-09-07 14:39:21,2,0.99,0.00,0.00,0.00,0.00,99.01
2018-09-07 14:39:21,3,0.00,0.00,0.00,0.00,0.00,100.00
2018-09-07 14:39:21,4,0.00,0.00,0.00,0.00,0.00,100.00
2018-09-07 14:39:21,5,0.00,0.00,1.00,0.00,0.00,99.00
2018-09-07 14:39:21,6,0.00,0.00,0.00,0.00,0.00,100.00
2018-09-07 14:39:21,7,2.97,0.00,0.00,0.00,0.00,97.03
2018-09-07 14:39:22,0,0.00,0.00,0.00,0.00,0.00,100.00
2018-09-07 14:39:22,1,0.00,0.00,0.00,0.00,0.00,100.00
2018-09-07 14:39:22,2,1.98,0.00,0.00,0.00,0.00,98.02
2018-09-07 14:39:22,3,0.00,0.00,0.00,0.00,0.00,100.00
2018-09-07 14:39:22,4,0.00,0.00,0.00,0.00,0.00,100.00
2018-09-07 14:39:22,5,0.00,0.00,0.00,0.00,0.00,100.00
2018-09-07 14:39:22,6,1.00,0.00,0.00,0.00,0.00,99.00
2018-09-07 14:39:22,7,2.00,0.00,0.00,0.00,0.00,98.00
2018-09-07 14:39:23,0,0.00,0.00,0.00,0.00,0.00,100.00
2018-09-07 14:39:23,1,0.00,0.00,0.00,0.00,0.00,100.00
2018-09-07 14:39:23,2,0.00,0.00,1.02,0.00,0.00,98.98
2018-09-07 14:39:23,3,0.00,0.00,0.00,0.00,0.00,100.00
2018-09-07 14:39:23,4,0.00,0.00,0.00,0.00,0.00,100.00
2018-09-07 14:39:23,5,0.00,0.00,0.00,0.00,0.00,100.00
2018-09-07 14:39:23,6,2.00,0.00,1.00,0.00,0.00,97.00
2018-09-07 14:39:23,7,1.01,0.00,0.00,0.00,0.00,98.99
2018-09-07 14:39:24,0,0.00,0.00,0.00,0.00,0.00,100.00
2018-09-07 14:39:24,1,2.00,0.00,1.00,0.00,0.00,97.00
2018-09-07 14:39:24,2,1.00,0.00,0.00,0.00,0.00,99.00
2018-09-07 14:39:24,3,1.00,0.00,0.00,0.00,0.00,99.00
2018-09-07 14:39:24,4,0.99,0.00,0.00,0.00,0.00,99.01
2018-09-07 14:39:24,5,1.00,0.00,1.00,0.00,0.00,98.00
2018-09-07 14:39:24,6,1.01,0.00,0.00,0.00,0.00,98.99
2018-09-07 14:39:24,7,2.94,0.00,0.98,0.00,0.00,96.08
